track_id,artists,album_name,track_name,popularity,duration_ms,explicit,danceability,energy,key,loudness,mode,speechiness,acousticness,instrumentalness,liveness,valence,tempo,time_signature,track_genre
0,Ariana Grande,eternal sunshine,we can't be friends (wait for your love),89,228639,False,0.645,0.646,5,-8.334,1,0.0427,0.0615,3.04e-05,0.074,0.295,115.842,4,pop
1,Ariana Grande,eternal sunshine,the boy is mine,85,173639,True,0.795,0.63,7,-5.854,0,0.0434,0.157,0.0,0.0732,0.447,97.998,4,pop
2,Ariana Grande,eternal sunshine,intro (end of the world),83,92400,True,0.506,0.362,10,-9.48,1,0.0416,0.67,0.0,0.176,0.385,84.726,4,pop
3,Ariana Grande,After Hours (Deluxe),Save Your Tears (Remix) (with Ariana Grande) - Bonus Track,80,191013,False,0.65,0.825,0,-4.645,1,0.0325,0.0215,2.44e-05,0.0936,0.593,118.091,4,pop
4,Ariana Grande,eternal sunshine,"yes, and?",79,214994,True,0.787,0.775,1,-6.614,1,0.0548,0.19,6.54e-05,0.113,0.787,118.998,4,pop
5,Ariana Grande,My Everything - Deluxe,One Last Time,82,197266,False,0.628,0.593,8,-5.036,1,0.0323,0.093,1.65e-06,0.096,0.104,125.025,4,pop
6,Ariana Grande,Starboy (Deluxe),Die For You (with Ariana Grande) - Remix,78,232857,False,0.568,0.485,1,-7.635,0,0.0582,0.276,0.0,0.323,0.517,66.961,4,pop
7,Ariana Grande,"thank u, next",7 rings,82,178626,True,0.777,0.317,1,-10.732,0,0.308,0.591,0.0,0.0881,0.33,139.848,4,pop
8,Ariana Grande,Dangerous Woman,Dangerous Woman,70,235946,False,0.664,0.602,4,-5.369,0,0.0412,0.0529,0.0,0.356,0.289,134.049,4,pop
9,Ariana Grande,Dangerous Woman,Into You,70,244453,False,0.623,0.734,9,-5.948,1,0.107,0.0162,1.75e-06,0.145,0.37,107.853,4,pop
10,Adele,30,Easy On Me,84,224694,False,0.604,0.366,5,-7.519,1,0.0282,0.578,0.0,0.133,0.13,141.981,4,"british soul, pop, pop soul, uk pop"
11,Adele,21,Set Fire to the Rain,79,242973,False,0.603,0.67,2,-3.882,0,0.0249,0.00408,1.68e-06,0.112,0.446,107.993,4,"british soul, pop, pop soul, uk pop"
12,Adele,21,Someone Like You,78,285240,False,0.556,0.319,9,-8.251,1,0.0281,0.893,0.0,0.0996,0.294,135.187,4,"british soul, pop, pop soul, uk pop"
13,Adele,21,Rolling in the Deep,79,228093,False,0.73,0.769,8,-5.114,1,0.0298,0.138,0.0,0.0473,0.507,104.948,4,"british soul, pop, pop soul, uk pop"
14,Adele,Skyfall,Skyfall,84,286480,False,0.346,0.552,0,-6.864,0,0.0282,0.417,0.0,0.114,0.0789,75.881,4,"british soul, pop, pop soul, uk pop"
15,Adele,25,Love In The Dark,74,285935,False,0.331,0.341,9,-6.057,0,0.0309,0.528,0.0,0.109,0.152,109.821,4,"british soul, pop, pop soul, uk pop"
16,Adele,25,When We Were Young,73,290900,False,0.376,0.595,3,-5.936,1,0.0496,0.303,0.0,0.095,0.265,144.361,4,"british soul, pop, pop soul, uk pop"
17,Adele,19,Make You Feel My Love,72,212040,False,0.317,0.172,10,-10.636,1,0.0326,0.907,0.000383,0.105,0.0963,65.18,4,"british soul, pop, pop soul, uk pop"
18,Adele,19,Chasing Pavements,70,210506,False,0.616,0.47,5,-6.092,0,0.0253,0.291,0.0,0.111,0.325,80.03,4,"british soul, pop, pop soul, uk pop"
19,Adele,25,Hello,72,295502,False,0.578,0.43,5,-6.134,0,0.0305,0.33,0.0,0.0854,0.288,78.991,4,"british soul, pop, pop soul, uk pop"
20,A$AP Rocky,Sundress,Sundress,83,158205,True,0.721,0.707,6,-6.364,1,0.0595,0.181,3.68e-06,0.143,0.743,125.005,4,"east coast hip hop, hip hop, rap"
21,A$AP Rocky,I Smoked Away My Brain (I'm God x Demons Mashup) (feat. Imogen Heap & Clams Casino),I Smoked Away My Brain (I'm God x Demons Mashup) (feat. Imogen Heap & Clams Casino),83,190285,True,0.47,0.652,2,-9.629,1,0.0561,0.0831,4.08e-05,0.175,0.104,141.981,4,"east coast hip hop, hip hop, rap"
22,A$AP Rocky,TESTING,Praise The Lord (Da Shine) (feat. Skepta),81,205040,True,0.854,0.569,5,-8.151,0,0.106,0.0609,0.0816,0.1,0.294,80.015,4,"east coast hip hop, hip hop, rap"
23,A$AP Rocky,AT.LONG.LAST.A$AP,"Everyday (feat. Rod Stewart, Miguel & Mark Ronson)",79,260986,True,0.394,0.661,4,-8.684,1,0.192,0.00996,0.0,0.343,0.335,149.818,4,"east coast hip hop, hip hop, rap"
24,A$AP Rocky,HIGHJACK,HIGHJACK,77,190074,True,0.61,0.682,7,-4.877,1,0.123,0.318,0.0,0.321,0.694,142.966,4,"east coast hip hop, hip hop, rap"
25,A$AP Rocky,LONG.LIVE.A$AP (Deluxe Version),Fashion Killa,77,236280,True,0.801,0.819,11,-5.189,1,0.158,0.292,0.0,0.515,0.811,139.969,4,"east coast hip hop, hip hop, rap"
26,A$AP Rocky,METRO BOOMIN PRESENTS SPIDER-MAN: ACROSS THE SPIDER-VERSE (SOUNDTRACK FROM AND INSPIRED BY THE MOTION PICTURE),"Am I Dreaming (Metro Boomin & A$AP Rocky, Roisee)",76,256026,False,0.6,0.537,9,-7.777,0,0.0362,0.0468,0.0038,0.206,0.126,90.061,4,"east coast hip hop, hip hop, rap"
27,A$AP Rocky,LONG.LIVE.A$AP (Deluxe Version),"F**kin' Problems (feat. Drake, 2 Chainz & Kendrick Lamar)",76,233786,True,0.853,0.693,1,-6.87,1,0.275,0.0239,0.0,0.11,0.662,95.967,4,"east coast hip hop, hip hop, rap"
28,A$AP Rocky,LONG.LIVE.A$AP (Deluxe Version),LVL,76,220133,True,0.597,0.427,5,-6.764,0,0.0536,0.18,1.33e-05,0.121,0.0997,120.085,4,"east coast hip hop, hip hop, rap"
29,A$AP Rocky,AT.LONG.LAST.A$AP,Jukebox Joints (feat. Joe Fox & Kanye West),72,323960,True,0.284,0.803,2,-5.293,0,0.173,0.302,0.0,0.242,0.553,67.536,4,"east coast hip hop, hip hop, rap"
30,Taylor Swift,Lover,Cruel Summer,92,178426,False,0.552,0.702,9,-5.707,1,0.157,0.117,2.06e-05,0.105,0.564,169.994,4,pop
31,Taylor Swift,THE TORTURED POETS DEPARTMENT,Fortnight (feat. Post Malone),89,228965,False,0.504,0.386,11,-10.976,1,0.0308,0.502,1.53e-05,0.0961,0.281,192.004,4,pop
32,Taylor Swift,THE TORTURED POETS DEPARTMENT,I Can Do It With a Broken Heart,87,218004,True,0.701,0.751,0,-8.39,1,0.0502,0.123,0.0,0.15,0.22,129.994,4,pop
33,Taylor Swift,folklore,august,87,261922,False,0.532,0.623,5,-9.208,1,0.0331,0.538,7.28e-05,0.0925,0.403,89.937,4,pop
34,Taylor Swift,Lover,Lover,86,221306,False,0.359,0.543,7,-7.582,1,0.0919,0.492,1.58e-05,0.118,0.453,68.534,4,pop
35,Taylor Swift,THE TORTURED POETS DEPARTMENT,Guilty as Sin?,81,254365,False,0.626,0.428,2,-8.374,1,0.0261,0.607,0.0,0.0921,0.487,94.95,4,pop
36,Taylor Swift,folklore,cardigan,85,239560,False,0.613,0.581,0,-8.588,0,0.0424,0.537,0.000345,0.25,0.551,130.033,4,pop
37,Taylor Swift,THE TORTURED POETS DEPARTMENT,Down Bad,81,261228,True,0.541,0.366,11,-10.412,1,0.0748,0.56,1e-06,0.0946,0.168,159.707,4,pop
38,Taylor Swift,Midnights,Anti-Hero,84,200690,False,0.633,0.648,4,-6.645,1,0.062,0.121,2.62e-06,0.161,0.49,96.888,4,pop
39,Taylor Swift,reputation,Don’t Blame Me,85,236413,False,0.615,0.534,9,-6.719,0,0.0386,0.106,1.76e-05,0.0607,0.193,135.917,4,pop
40,Arctic Monkeys,AM,I Wanna Be Yours,91,183956,False,0.464,0.417,0,-9.345,0,0.0256,0.136,0.022,0.0974,0.479,67.528,4,"garage rock, modern rock, permanent wave, rock, sheffield indie"
41,Arctic Monkeys,Favourite Worst Nightmare (Standard Version),505,78,253586,False,0.52,0.852,0,-5.866,1,0.0543,0.00237,5.79e-05,0.0733,0.234,140.267,4,"garage rock, modern rock, permanent wave, rock, sheffield indie"
42,Arctic Monkeys,AM,Do I Wanna Know?,85,272394,False,0.548,0.532,5,-7.596,1,0.0323,0.186,0.000263,0.217,0.405,85.03,4,"garage rock, modern rock, permanent wave, rock, sheffield indie"
43,Arctic Monkeys,AM,Why'd You Only Call Me When You're High?,85,161123,False,0.691,0.631,2,-6.478,1,0.0368,0.0483,1.13e-05,0.104,0.8,92.004,4,"garage rock, modern rock, permanent wave, rock, sheffield indie"
44,Arctic Monkeys,AM,R U Mine?,80,201726,False,0.288,0.758,6,-5.692,0,0.0371,0.00616,0.0,0.303,0.619,97.094,4,"garage rock, modern rock, permanent wave, rock, sheffield indie"
45,Arctic Monkeys,Favourite Worst Nightmare (Standard Version),Fluorescent Adolescent,69,173493,False,0.646,0.813,6,-5.29,0,0.0288,0.00178,2.26e-05,0.144,0.821,112.115,4,"garage rock, modern rock, permanent wave, rock, sheffield indie"
46,Arctic Monkeys,AM,Snap Out Of It,77,193030,False,0.728,0.638,5,-6.455,0,0.0336,0.249,0.0,0.116,0.872,130.014,4,"garage rock, modern rock, permanent wave, rock, sheffield indie"
47,Arctic Monkeys,AM,Arabella,75,207356,False,0.579,0.558,2,-6.986,1,0.0895,0.0202,1.26e-06,0.212,0.506,179.949,4,"garage rock, modern rock, permanent wave, rock, sheffield indie"
48,Arctic Monkeys,AM,Knee Socks,74,257563,False,0.665,0.542,11,-8.323,0,0.033,0.123,0.00291,0.342,0.587,97.975,4,"garage rock, modern rock, permanent wave, rock, sheffield indie"
49,Arctic Monkeys,"Whatever People Say I Am, That's What I'm Not",I Bet You Look Good On The Dancefloor,73,173680,False,0.535,0.948,6,-4.19,0,0.0356,0.00225,0.0,0.376,0.778,103.183,4,"garage rock, modern rock, permanent wave, rock, sheffield indie"
50,Alice In Chains,Facelift,Man in the Box,76,285200,True,0.355,0.791,8,-7.565,1,0.0453,0.00045,0.0,0.0969,0.758,106.392,4,"alternative metal, alternative rock, grunge, hard rock, nu metal, rock"
51,Alice In Chains,Dirt (2022 Remaster),Would? (2022 Remaster),75,206773,False,0.297,0.842,6,-7.457,1,0.0488,0.000286,9.1e-06,0.0848,0.586,100.127,4,"alternative metal, alternative rock, grunge, hard rock, nu metal, rock"
52,Alice In Chains,Jar Of Flies,Nutshell,72,259200,False,0.384,0.561,3,-10.059,0,0.0296,0.373,0.253,0.0775,0.159,136.136,4,"alternative metal, alternative rock, grunge, hard rock, nu metal, rock"
53,Alice In Chains,Dirt (2022 Remaster),Rooster (2022 Remaster),72,374333,False,0.263,0.562,3,-7.858,1,0.0273,0.0289,0.00118,0.12,0.213,146.08,4,"alternative metal, alternative rock, grunge, hard rock, nu metal, rock"
54,Alice In Chains,Dirt (2022 Remaster),Them Bones (2022 Remaster),70,149466,False,0.16,0.954,9,-5.179,1,0.0685,0.023,4.01e-06,0.372,0.336,165.223,4,"alternative metal, alternative rock, grunge, hard rock, nu metal, rock"
55,Alice In Chains,Dirt (2022 Remaster),Down In A Hole (2022 Remaster),66,338226,False,0.356,0.818,6,-5.343,1,0.0335,0.0122,0.000118,0.123,0.389,97.528,4,"alternative metal, alternative rock, grunge, hard rock, nu metal, rock"
56,Alice In Chains,Facelift,We Die Young,65,152560,False,0.486,0.938,1,-6.652,1,0.0704,1.79e-05,0.000103,0.361,0.525,125.816,4,"alternative metal, alternative rock, grunge, hard rock, nu metal, rock"
57,Alice In Chains,Jar Of Flies,No Excuses,64,255573,False,0.527,0.838,3,-6.013,1,0.0323,0.0206,0.00062,0.07,0.721,117.454,4,"alternative metal, alternative rock, grunge, hard rock, nu metal, rock"
58,Alice In Chains,Jar Of Flies,Rotten Apple,63,418466,False,0.31,0.637,3,-8.595,0,0.037,0.215,0.116,0.0619,0.426,147.4,4,"alternative metal, alternative rock, grunge, hard rock, nu metal, rock"
59,Alice In Chains,Jar Of Flies,I Stay Away,62,254400,False,0.174,0.781,6,-7.066,1,0.0406,0.0452,0.00346,0.0822,0.276,81.37,4,"alternative metal, alternative rock, grunge, hard rock, nu metal, rock"
60,Anuel AA,Amanece,Amanece,81,190004,False,0.79,0.631,8,-5.549,0,0.0425,0.437,0.0,0.158,0.889,94.039,4,"reggaeton, reggaeton flow, trap boricua, trap latino, urbano latino"
61,Anuel AA,BBY BOO (REMIX),BBY BOO - REMIX,80,275862,True,0.703,0.617,5,-5.696,1,0.151,0.215,6.11e-06,0.433,0.486,173.97,4,"reggaeton, reggaeton flow, trap boricua, trap latino, urbano latino"
62,Anuel AA,OA,OA,78,235200,True,0.813,0.866,7,-3.239,1,0.0851,0.17,0.0,0.0421,0.647,99.994,4,"reggaeton, reggaeton flow, trap boricua, trap latino, urbano latino"
63,Anuel AA,Emmanuel,China,70,301714,False,0.786,0.808,7,-3.702,1,0.0881,0.0846,0.000289,0.0822,0.608,105.029,4,"reggaeton, reggaeton flow, trap boricua, trap latino, urbano latino"
64,Anuel AA,SERIO CON ESE Q,SERIO CON ESE Q,76,247468,True,0.693,0.775,8,-4.244,1,0.0665,0.296,0.0,0.232,0.501,93.013,4,"reggaeton, reggaeton flow, trap boricua, trap latino, urbano latino"
65,Anuel AA,WYA REMIX BLACK AND YELLOW (feat. iZaak & Pirlo),WYA REMIX BLACK AND YELLOW (feat. iZaak & Pirlo),76,390545,True,0.529,0.528,0,-6.704,0,0.0846,0.306,0.0,0.604,0.364,110.175,4,"reggaeton, reggaeton flow, trap boricua, trap latino, urbano latino"
66,Anuel AA,Razones,Razones,72,222727,False,0.658,0.654,11,-4.344,1,0.0853,0.511,1.66e-06,0.552,0.523,165.018,4,"reggaeton, reggaeton flow, trap boricua, trap latino, urbano latino"
67,Anuel AA,Adicto (with Anuel AA & Ozuna),Adicto (with Anuel AA & Ozuna),75,270740,False,0.734,0.836,10,-4.803,0,0.0735,0.017,1.64e-05,0.179,0.623,80.002,4,"reggaeton, reggaeton flow, trap boricua, trap latino, urbano latino"
68,Anuel AA,Emmanuel,Hasta Que Dios Diga,75,246000,True,0.691,0.765,8,-4.727,1,0.111,0.464,3.29e-06,0.203,0.855,174.021,4,"reggaeton, reggaeton flow, trap boricua, trap latino, urbano latino"
69,Anuel AA,Ella Quiere Beber (Remix),Ella Quiere Beber - Remix,75,219357,False,0.75,0.665,8,-3.083,1,0.124,0.265,0.0,0.0515,0.697,95.239,4,"reggaeton, reggaeton flow, trap boricua, trap latino, urbano latino"
70,ABBA,Arrival,Dancing Queen,85,230400,False,0.543,0.87,9,-6.514,1,0.0428,0.358,0.000939,0.792,0.754,100.804,4,"europop, swedish pop"
71,ABBA,Voulez-Vous,Gimme! Gimme! Gimme! (A Man After Midnight),81,292613,False,0.749,0.491,10,-9.655,1,0.0403,0.02,0.00899,0.159,0.536,119.528,4,"europop, swedish pop"
72,ABBA,Super Trouper,Lay All Your Love On Me,77,274466,False,0.678,0.727,2,-7.844,0,0.0258,0.117,0.00396,0.354,0.71,133.481,4,"europop, swedish pop"
73,ABBA,Abba,Mamma Mia,78,213266,False,0.749,0.748,2,-7.011,1,0.0323,0.295,0.000443,0.469,0.827,137.547,4,"europop, swedish pop"
74,ABBA,The Album,Take A Chance On Me,76,243933,False,0.684,0.675,11,-8.123,1,0.0257,0.163,0.0,0.242,0.924,107.064,4,"europop, swedish pop"
75,ABBA,Waterloo,Waterloo,74,168960,False,0.445,0.949,2,-4.682,1,0.0471,0.395,8.18e-06,0.0902,0.653,147.604,4,"europop, swedish pop"
76,ABBA,Super Trouper,The Winner Takes It All,74,294720,False,0.454,0.788,6,-6.748,1,0.0371,0.574,0.000766,0.0859,0.52,126.15,4,"europop, swedish pop"
77,ABBA,Super Trouper,Super Trouper,73,252853,False,0.764,0.626,0,-8.274,1,0.0288,0.457,6.35e-06,0.201,0.961,118.34,4,"europop, swedish pop"
78,ABBA,Arrival,"Money, Money, Money",71,186426,False,0.787,0.704,9,-6.873,0,0.0385,0.535,0.00305,0.089,0.646,120.701,4,"europop, swedish pop"
79,ABBA,Voulez-Vous,Chiquitita,72,326320,False,0.5,0.554,9,-8.108,1,0.0354,0.734,3.72e-06,0.312,0.372,84.229,4,"europop, swedish pop"
80,AJR,OK ORCHESTRA,World's Smallest Violin,66,180742,True,0.68,0.696,5,-6.977,1,0.051,0.116,0.0,0.607,0.684,115.962,4,pov: indie
81,AJR,OK ORCHESTRA,Bang!,69,170858,False,0.74,0.517,1,-6.233,0,0.0506,0.0183,0.0,0.0558,0.698,139.917,4,pov: indie
82,AJR,The Click - Deluxe Edition,Burn The House Down,69,212373,True,0.459,0.659,0,-4.357,1,0.167,0.0369,0.0,0.181,0.576,184.311,4,pov: indie
83,AJR,The Maybe Man,Yes I'm A Mess,67,164973,True,0.737,0.624,2,-5.667,0,0.0465,0.0242,0.0,0.113,0.398,92.001,4,pov: indie
84,AJR,The Click,Weak,64,201159,False,0.67,0.643,5,-4.553,1,0.0466,0.118,0.0,0.192,0.703,123.977,4,pov: indie
85,AJR,Neotheater,100 Bad Days,64,212783,False,0.622,0.639,10,-5.62,1,0.0874,0.0465,0.0,0.161,0.632,144.089,4,pov: indie
86,AJR,OK ORCHESTRA,Way Less Sad,64,206108,False,0.701,0.547,2,-8.238,1,0.0483,0.00843,0.0,0.0987,0.4,140.015,4,pov: indie
87,AJR,The Click,Sober Up (feat. Rivers Cuomo),61,218763,False,0.648,0.619,5,-4.94,1,0.0274,0.279,0.0,0.0833,0.772,93.014,4,pov: indie
88,AJR,The Maybe Man,Inertia,64,220933,True,0.43,0.583,1,-5.794,1,0.0403,0.0323,0.0,0.339,0.653,176.04,4,pov: indie
89,AJR,All You Need Is Time (Deluxe Edition),Record Player,60,149538,False,0.665,0.686,11,-7.049,0,0.104,0.247,0.0,0.062,0.927,73.987,4,pov: indie
90,AC/DC,Back In Black,You Shook Me All Night Long,86,210173,False,0.532,0.767,7,-5.509,1,0.0574,0.00287,0.000513,0.39,0.755,127.361,4,"australian rock, hard rock, rock"
91,AC/DC,Back In Black,Back In Black,85,255493,False,0.31,0.7,9,-5.678,1,0.047,0.011,0.00965,0.0828,0.763,188.386,4,"australian rock, hard rock, rock"
92,AC/DC,The Razors Edge,Thunderstruck,85,292880,False,0.502,0.89,4,-5.175,1,0.0364,0.000147,0.0117,0.217,0.259,133.52,4,"australian rock, hard rock, rock"
93,AC/DC,Highway to Hell,Highway to Hell,85,208400,False,0.574,0.913,6,-4.793,0,0.133,0.061,0.00158,0.156,0.423,115.728,4,"australian rock, hard rock, rock"
94,AC/DC,High Voltage,T.N.T.,79,214666,False,0.754,0.759,9,-5.218,1,0.302,0.153,0.000108,0.101,0.435,126.366,4,"australian rock, hard rock, rock"
95,AC/DC,Back In Black,Hells Bells,76,312293,False,0.389,0.873,4,-4.768,0,0.0475,0.00532,0.0055,0.273,0.303,106.767,4,"australian rock, hard rock, rock"
96,AC/DC,Dirty Deeds Done Dirt Cheap,Dirty Deeds Done Dirt Cheap,74,231933,False,0.668,0.906,11,-4.881,0,0.17,0.214,0.00245,0.135,0.507,135.653,4,"australian rock, hard rock, rock"
97,AC/DC,Back In Black,Shoot to Thrill,74,317426,False,0.457,0.904,2,-5.303,1,0.0747,0.000239,0.0879,0.396,0.48,141.038,4,"australian rock, hard rock, rock"
98,AC/DC,High Voltage,It's a Long Way to the Top (If You Wanna Rock 'N' Roll),72,301226,False,0.456,0.863,3,-3.551,1,0.0894,0.133,0.0538,0.0553,0.532,135.962,4,"australian rock, hard rock, rock"
99,AC/DC,Black Ice,Rock N Roll Train,70,261506,False,0.547,0.931,2,-2.356,1,0.0615,0.000998,0.0118,0.278,0.697,118.4,4,"australian rock, hard rock, rock"
100,Alex G,Treehouse,Treehouse,80,158801,False,0.612,0.196,7,-19.489,0,0.0359,0.706,0.319,0.111,0.142,73.489,4,"philly indie, pov: indie, slacker rock"
101,Alex G,Trick,Mary,72,197733,True,0.693,0.467,4,-9.558,0,0.043,0.0497,0.452,0.107,0.402,105.955,4,"philly indie, pov: indie, slacker rock"
102,Alex G,Trick,Sarah,73,176146,False,0.65,0.686,4,-5.198,0,0.0314,0.513,0.000189,0.138,0.497,124.019,4,"philly indie, pov: indie, slacker rock"
103,Alex G,Trick,16 Mirrors,70,87093,False,0.564,0.3,2,-7.349,1,0.0887,0.638,0.0022,0.101,0.0487,121.888,4,"philly indie, pov: indie, slacker rock"
104,Alex G,Race,Things to Do,73,157874,False,0.702,0.525,7,-7.139,1,0.039,0.847,0.0285,0.159,0.649,110.121,4,"philly indie, pov: indie, slacker rock"
105,Alex G,Trick,Advice,67,157973,False,0.356,0.611,10,-5.71,1,0.0289,0.000183,0.867,0.127,0.272,170.069,4,"philly indie, pov: indie, slacker rock"
106,Alex G,Race,Race,69,223255,True,0.261,0.641,9,-5.549,1,0.0472,0.0222,0.000332,0.112,0.0959,85.982,4,"philly indie, pov: indie, slacker rock"
107,Alex G,Rules,Mis,65,200680,False,0.536,0.328,0,-11.404,1,0.034,0.804,0.318,0.165,0.105,61.204,4,"philly indie, pov: indie, slacker rock"
108,Alex G,Trick,Change,65,124333,False,0.667,0.314,9,-14.966,0,0.0479,0.961,0.78,0.108,0.322,92.384,4,"philly indie, pov: indie, slacker rock"
109,Alex G,Trick,Forever,64,149640,False,0.644,0.569,9,-8.911,1,0.041,0.611,0.912,0.219,0.787,85.001,4,"philly indie, pov: indie, slacker rock"
110,A Boogie Wit da Hoodie,The Bigger Artist,Drowning (feat. Kodak Black),76,209269,True,0.839,0.81,5,-5.274,0,0.0568,0.501,0.0,0.117,0.814,129.014,4,"melodic rap, rap, trap"
111,A Boogie Wit da Hoodie,Hoodie SZN,Look Back at It,76,179449,True,0.791,0.587,3,-5.075,0,0.0413,0.407,0.0,0.148,0.536,96.057,4,"melodic rap, rap, trap"
112,A Boogie Wit da Hoodie,Artist,Still Think About You,74,246987,True,0.946,0.646,5,-6.604,1,0.21,0.219,0.0,0.0643,0.961,127.978,4,"melodic rap, rap, trap"
113,A Boogie Wit da Hoodie,Artist,My Shit,74,128156,True,0.812,0.621,5,-8.3,1,0.0515,0.244,0.0,0.099,0.847,77.998,4,"melodic rap, rap, trap"
114,A Boogie Wit da Hoodie,Artist,Jungle,71,174192,True,0.538,0.52,7,-11.063,0,0.737,0.308,0.0,0.214,0.551,180.274,4,"melodic rap, rap, trap"
115,A Boogie Wit da Hoodie,Artist 2.0 (Deluxe),Secrets,71,133331,True,0.539,0.648,4,-6.008,1,0.0619,0.118,0.0,0.362,0.403,91.066,4,"melodic rap, rap, trap"
116,A Boogie Wit da Hoodie,Hoodie SZN,Swervin (feat. 6ix9ine),69,189486,True,0.581,0.662,9,-5.239,1,0.303,0.0153,0.0,0.111,0.434,93.023,4,"melodic rap, rap, trap"
117,A Boogie Wit da Hoodie,Artist 2.0,Me and My Guitar,68,161764,True,0.644,0.587,7,-6.736,0,0.353,0.473,0.0,0.0759,0.68,173.972,4,"melodic rap, rap, trap"
118,A Boogie Wit da Hoodie,Hoodie SZN,Demons and Angels (feat. Juice WRLD),66,214592,True,0.81,0.55,2,-7.46,0,0.17,0.0114,5.69e-06,0.107,0.183,76.503,4,"melodic rap, rap, trap"
119,A Boogie Wit da Hoodie,"Slide (Remix) (feat. Pop Smoke, A Boogie Wit da Hoodie & Chris Brown) (feat. Pop Smoke)","Slide (Remix) (feat. Pop Smoke, A Boogie Wit da Hoodie & Chris Brown) (feat. Pop Smoke)",64,296011,False,0.816,0.513,1,-8.363,1,0.244,0.0145,0.000102,0.14,0.17,96.981,4,"melodic rap, rap, trap"
120,Addison Rae,Diet Pepsi,Diet Pepsi,77,169697,False,0.669,0.561,10,-6.538,1,0.0411,0.495,0.00962,0.0954,0.841,150.069,4,social media pop
121,Addison Rae,Von dutch featuring addison rae and a. g. cook,Von dutch featuring addison rae and a. g. cook,69,157328,False,0.669,0.778,9,-5.386,1,0.178,0.0602,0.0,0.359,0.342,137.699,4,social media pop
122,Addison Rae,AR,2 die 4 (feat. Charli XCX),60,126105,False,0.856,0.589,10,-5.325,0,0.0473,0.49,8.47e-05,0.0857,0.433,105.027,4,social media pop
123,Addison Rae,Obsessed,Obsessed,54,134087,False,0.884,0.665,11,-7.929,1,0.0646,0.38,9.36e-06,0.111,0.472,110.016,4,social media pop
124,Addison Rae,AR,I got it bad,51,172519,False,0.655,0.823,8,-5.383,1,0.0329,0.0215,0.0,0.378,0.297,104.999,4,social media pop
125,Addison Rae,AR,Nothing On (But The Radio),50,149552,False,0.718,0.79,5,-3.938,0,0.0431,0.009,1.26e-06,0.0904,0.871,121.999,4,social media pop
126,Addison Rae,AR,it could’ve been u,46,135388,True,0.706,0.725,6,-6.473,0,0.0665,0.112,0.00207,0.109,0.923,74.999,4,social media pop
127,Halsey,Closer,Closer,84,244960,False,0.748,0.524,8,-5.599,1,0.0338,0.414,0.0,0.111,0.661,95.01,4,"electropop, etherpop, indie poptimism, pop"
128,Halsey,Manic,Without Me,78,201660,True,0.752,0.488,6,-7.05,1,0.0705,0.293,9.2e-06,0.0936,0.533,136.07,4,"electropop, etherpop, indie poptimism, pop"
129,Halsey,FRIENDS KEEP SECRETS,Eastside (with Halsey & Khalid),77,170769,False,0.632,0.686,6,-7.665,0,0.243,0.549,0.0,0.2,0.329,89.949,4,"electropop, etherpop, indie poptimism, pop"
130,Halsey,The Beautiful & Damned,Him & I (with Halsey),76,268866,True,0.589,0.731,2,-6.343,1,0.0868,0.0534,0.0,0.308,0.191,87.908,4,"electropop, etherpop, indie poptimism, pop"
131,Halsey,MAP OF THE SOUL : PERSONA,Boy With Luv (feat. Halsey),75,229773,False,0.645,0.862,11,-4.761,0,0.0845,0.0933,0.0,0.193,0.803,119.947,4,"electropop, etherpop, indie poptimism, pop"
132,Halsey,Lucky,Lucky,75,198546,False,0.712,0.65,0,-3.744,1,0.0468,0.389,0.0,0.227,0.728,102.558,4,"electropop, etherpop, indie poptimism, pop"
133,Halsey,Be Kind (with Halsey),Be Kind (with Halsey),72,172761,False,0.63,0.633,4,-7.088,1,0.0457,0.00776,0.0,0.0541,0.452,93.992,4,"electropop, etherpop, indie poptimism, pop"
134,Halsey,hopeless fountain kingdom (Deluxe Plus),Bad At Love,72,181279,False,0.675,0.751,0,-3.539,1,0.0296,0.0604,0.0,0.0893,0.612,118.384,4,"electropop, etherpop, indie poptimism, pop"
135,Halsey,Sing 2 (Original Motion Picture Soundtrack),Could Have Been Me,71,148732,False,0.552,0.662,6,-6.225,0,0.0548,9.18e-05,0.0,0.143,0.572,79.973,4,"electropop, etherpop, indie poptimism, pop"
136,Halsey,hopeless fountain kingdom (Deluxe Plus),Walls Could Talk,70,101789,True,0.626,0.423,1,-6.035,1,0.0513,0.128,0.0,0.18,0.571,95.162,4,"electropop, etherpop, indie poptimism, pop"
137,Romeo Santos,"Fórmula, Vol. 2 (Deluxe Edition)",Propuesta Indecente,81,235133,False,0.757,0.632,2,-6.83,1,0.0549,0.499,0.0,0.0723,0.742,122.936,4,"bachata, latin hip hop, latin pop, urbano latino"
138,Romeo Santos,MAÑANA SERÁ BONITO,X SI VOLVEMOS,80,200120,True,0.796,0.806,1,-3.441,0,0.321,0.332,0.0,0.104,0.56,178.007,4,"bachata, latin hip hop, latin pop, urbano latino"
139,Romeo Santos,ÁNGEL,ÁNGEL,80,184095,False,0.826,0.596,11,-5.262,1,0.0357,0.292,0.0,0.166,0.869,127.922,4,"bachata, latin hip hop, latin pop, urbano latino"
140,Romeo Santos,Golden,Imitadora,78,234828,False,0.737,0.709,8,-6.889,0,0.045,0.333,0.0,0.289,0.556,125.997,4,"bachata, latin hip hop, latin pop, urbano latino"
141,Romeo Santos,"Fórmula, Vol. 2 (Deluxe Edition)",Eres Mía,78,250640,False,0.843,0.729,6,-3.634,0,0.0374,0.401,1.2e-06,0.206,0.903,123.046,4,"bachata, latin hip hop, latin pop, urbano latino"
142,Romeo Santos,Fórmula Vol. 1 (Deluxe Edition),Llévame Contigo,76,226400,False,0.813,0.694,7,-5.092,0,0.0319,0.602,1.37e-06,0.0919,0.92,119.079,4,"bachata, latin hip hop, latin pop, urbano latino"
143,Romeo Santos,"Fórmula, Vol. 2 (Deluxe Edition)",Cancioncitas de Amor,75,237093,False,0.783,0.781,4,-3.079,1,0.0419,0.574,0.0,0.323,0.771,125.9,4,"bachata, latin hip hop, latin pop, urbano latino"
144,Romeo Santos,Ella Quiere Beber (Remix),Ella Quiere Beber - Remix,75,219357,False,0.75,0.665,8,-3.083,1,0.124,0.265,0.0,0.0515,0.697,95.239,4,"bachata, latin hip hop, latin pop, urbano latino"
145,Romeo Santos,Golden,Sobredosis (feat. Ozuna),75,198332,False,0.759,0.639,4,-8.085,0,0.0511,0.207,0.0,0.23,0.682,128.01,4,"bachata, latin hip hop, latin pop, urbano latino"
146,Romeo Santos,"Fórmula, Vol. 2 (Deluxe Edition)",Odio (feat. Drake),74,225000,False,0.802,0.725,0,-5.965,0,0.0676,0.574,0.0,0.0821,0.598,128.04,4,"bachata, latin hip hop, latin pop, urbano latino"
147,Aventura,God's Project,Ella Y Yo - Featuring Don Omar,79,267786,False,0.732,0.708,9,-7.905,0,0.262,0.534,0.0,0.237,0.717,175.924,4,"bachata, bachata dominicana, latin hip hop, latin pop, tropical, urbano latino"
148,Aventura,The Last,Dile al Amor,79,229360,False,0.825,0.605,11,-9.71,1,0.0376,0.0764,0.0,0.314,0.944,124.005,4,"bachata, bachata dominicana, latin hip hop, latin pop, tropical, urbano latino"
149,Aventura,K.O.B. Live,El Perdedor,79,215213,False,0.779,0.589,5,-10.645,1,0.0345,0.332,0.0,0.12,0.894,128.044,4,"bachata, bachata dominicana, latin hip hop, latin pop, tropical, urbano latino"
150,Aventura,We Broke The Rules,Obsesion,78,254720,False,0.804,0.56,1,-6.912,0,0.0397,0.416,0.0,0.0608,0.768,133.682,4,"bachata, bachata dominicana, latin hip hop, latin pop, tropical, urbano latino"
151,Aventura,K.O.B. Live,Los Infieles,77,257186,False,0.745,0.716,9,-8.221,0,0.0411,0.202,0.0,0.059,0.817,132.932,4,"bachata, bachata dominicana, latin hip hop, latin pop, tropical, urbano latino"
152,Aventura,The Last,El Malo,76,238720,False,0.812,0.506,1,-10.729,1,0.0533,0.143,0.0,0.132,0.701,125.941,4,"bachata, bachata dominicana, latin hip hop, latin pop, tropical, urbano latino"
153,Aventura,Volví,Volví,76,230125,True,0.725,0.86,1,-3.726,1,0.182,0.422,0.000284,0.0674,0.791,175.896,4,"bachata, bachata dominicana, latin hip hop, latin pop, tropical, urbano latino"
154,Aventura,God's Project,Un Beso,75,263346,False,0.732,0.64,0,-9.859,1,0.0378,0.586,1.81e-05,0.104,0.715,125.015,4,"bachata, bachata dominicana, latin hip hop, latin pop, tropical, urbano latino"
155,Aventura,We Broke The Rules,Enseñame a Olvidar,74,348826,False,0.781,0.491,8,-8.793,1,0.0444,0.471,0.0,0.0972,0.913,124.971,4,"bachata, bachata dominicana, latin hip hop, latin pop, tropical, urbano latino"
156,Aventura,The Last,Por un Segundo,73,255026,False,0.811,0.562,5,-10.183,0,0.0368,0.137,0.0,0.0623,0.965,129.039,4,"bachata, bachata dominicana, latin hip hop, latin pop, tropical, urbano latino"
157,Gunna,a Gift & a Curse,fukumean,86,125040,True,0.847,0.622,1,-6.747,0,0.0903,0.119,0.0,0.285,0.22,130.001,4,"atl hip hop, melodic rap, rap, trap"
158,Gunna,One of Wun,one of wun,85,144000,True,0.915,0.453,10,-4.589,0,0.27,0.0872,0.000163,0.104,0.287,139.943,4,"atl hip hop, melodic rap, rap, trap"
159,Gunna,TYLA,Jump,78,147071,False,0.79,0.716,10,-3.446,0,0.0929,0.0297,1.87e-05,0.213,0.627,100.104,4,"atl hip hop, melodic rap, rap, trap"
160,Gunna,Drip Harder,Drip Too Hard (Lil Baby & Gunna),80,145542,True,0.897,0.662,1,-6.903,0,0.292,0.0852,0.0,0.534,0.39,112.509,4,"atl hip hop, melodic rap, rap, trap"
161,Gunna,One of Wun,on one tonight,79,90760,True,0.887,0.727,4,-4.318,0,0.135,0.381,1.16e-06,0.213,0.932,130.035,4,"atl hip hop, melodic rap, rap, trap"
162,Gunna,B4 The Storm,Lemonade (feat. NAV),78,195428,True,0.8,0.658,1,-6.142,0,0.079,0.25,0.0,0.111,0.462,140.042,4,"atl hip hop, melodic rap, rap, trap"
163,Gunna,One of Wun,prada dem (feat. Offset),73,165346,True,0.916,0.595,1,-4.418,0,0.0665,0.0507,0.0,0.107,0.638,122.024,4,"atl hip hop, melodic rap, rap, trap"
164,Gunna,One of Wun,hakuna matata,74,127853,True,0.926,0.726,5,-4.669,0,0.227,0.282,0.0,0.11,0.69,137.975,4,"atl hip hop, melodic rap, rap, trap"
165,Gunna,DS4EVER,P power (feat. Drake),74,193346,True,0.828,0.591,1,-6.217,1,0.109,0.0199,0.000323,0.361,0.202,119.251,4,"atl hip hop, melodic rap, rap, trap"
166,Gunna,Drip or Drown,Drip or Drown,73,126168,True,0.952,0.478,5,-8.52,0,0.361,0.774,0.0,0.112,0.568,118.008,4,"atl hip hop, melodic rap, rap, trap"
167,Avril Lavigne,Let Go,Complicated,83,244506,False,0.585,0.776,5,-5.898,1,0.0459,0.0572,7.74e-06,0.3,0.427,77.987,4,"canadian pop, candy pop, dance pop, pop"
168,Avril Lavigne,Let Go,I'm with You,78,223066,False,0.457,0.406,9,-7.462,1,0.0291,0.08,0.0,0.117,0.208,151.95,4,"canadian pop, candy pop, dance pop, pop"
169,Avril Lavigne,Let Go,Sk8er Boi,77,204000,False,0.487,0.9,0,-4.417,1,0.0482,6.79e-05,0.0,0.358,0.484,149.937,4,"canadian pop, candy pop, dance pop, pop"
170,Avril Lavigne,The Best Damn Thing (Expanded Edition),Girlfriend,75,216600,True,0.56,0.959,7,-2.433,1,0.102,0.000722,0.000221,0.209,0.669,163.983,4,"canadian pop, candy pop, dance pop, pop"
171,Avril Lavigne,Goodbye Lullaby (Expanded Edition),What the Hell,75,220706,False,0.578,0.926,6,-3.689,0,0.0548,0.00472,0.0127,0.14,0.877,149.976,4,"canadian pop, candy pop, dance pop, pop"
172,Avril Lavigne,Under My Skin,My Happy Ending,72,242413,True,0.414,0.936,2,-2.407,1,0.0758,0.00136,0.0,0.369,0.74,170.229,4,"canadian pop, candy pop, dance pop, pop"
173,Avril Lavigne,The Best Damn Thing (Expanded Edition),When You're Gone,68,240493,False,0.457,0.719,4,-3.921,0,0.0323,0.191,0.0,0.228,0.168,142.034,4,"canadian pop, candy pop, dance pop, pop"
174,Avril Lavigne,Avril Lavigne (Expanded Edition),Here's to Never Growing Up,68,214320,True,0.482,0.873,0,-3.145,1,0.0853,0.0111,0.0,0.409,0.737,165.084,4,"canadian pop, candy pop, dance pop, pop"
175,Avril Lavigne,Goodbye Lullaby (Expanded Edition),Wish You Were Here,66,225760,True,0.454,0.865,4,-3.841,1,0.0561,0.0323,0.0,0.186,0.34,166.018,4,"canadian pop, candy pop, dance pop, pop"
176,Avril Lavigne,Under My Skin,Nobody's Home,65,212413,False,0.348,0.907,5,-3.66,0,0.0497,0.000516,0.0,0.161,0.177,185.406,4,"canadian pop, candy pop, dance pop, pop"
177,Akon,Konvicted,Smack That,84,212360,True,0.939,0.741,5,-5.171,0,0.0471,0.323,0.0,0.107,0.925,118.978,4,dance pop
178,Akon,Trouble Deluxe Edition,Lonely,78,235800,True,0.634,0.526,5,-7.881,0,0.0333,0.339,0.0,0.257,0.623,90.087,4,dance pop
179,Akon,Freedom,Right Now (Na Na Na),77,240746,False,0.829,0.857,8,-4.194,0,0.152,0.26,0.0,0.415,0.586,137.979,4,dance pop
180,Akon,Konvicted,I Wanna Love You,73,247066,True,0.866,0.454,0,-9.383,1,0.0414,0.0373,1.49e-06,0.275,0.368,99.982,4,dance pop
181,Akon,Konvicted,Don't Matter,74,293053,True,0.798,0.443,2,-6.062,1,0.0402,0.244,0.0,0.326,0.354,125.231,4,dance pop
182,Akon,Ra-One,Chammak Challo,72,227091,False,0.742,0.879,0,-4.274,0,0.0328,0.0696,7.17e-06,0.0981,0.936,133.946,4,dance pop
183,Akon,Trouble Deluxe Edition,Locked Up,68,235066,True,0.833,0.568,7,-4.312,1,0.0847,0.0262,0.0,0.11,0.369,89.958,4,dance pop
184,Akon,Freedom,Beautiful,70,312986,False,0.739,0.945,0,-4.443,0,0.0881,0.125,0.0,0.112,0.627,130.018,4,dance pop
185,Akon,Konvicted (Complete Edition),"Sorry, Blame It On Me",67,295746,False,0.716,0.698,7,-6.456,1,0.239,0.102,0.0,0.0728,0.569,176.012,4,dance pop
186,Akon,Freedom,Be With You,65,231013,False,0.656,0.738,11,-7.531,0,0.118,0.0838,2.72e-05,0.0677,0.715,173.877,4,dance pop
187,Avenged Sevenfold,Hail to the King,Hail to the King,76,305906,False,0.58,0.916,3,-4.358,0,0.0387,0.000297,0.0259,0.126,0.683,118.004,4,alternative metal
188,Avenged Sevenfold,Avenged Sevenfold,A Little Piece of Heaven,75,480706,True,0.486,0.881,2,-5.623,0,0.0474,0.0244,0.0,0.429,0.667,144.997,4,alternative metal
189,Avenged Sevenfold,Avenged Sevenfold,Afterlife,73,352426,False,0.487,0.949,2,-4.217,0,0.0798,0.000429,2.91e-05,0.231,0.406,110.02,4,alternative metal
190,Avenged Sevenfold,Nightmare,Nightmare,70,374453,True,0.554,0.949,2,-4.928,1,0.0787,0.000318,9.98e-05,0.2,0.233,129.984,4,alternative metal
191,Avenged Sevenfold,Avenged Sevenfold,Dear God,72,393480,False,0.472,0.772,5,-5.928,1,0.0316,0.00658,5.65e-05,0.132,0.6,139.993,4,alternative metal
192,Avenged Sevenfold,Nightmare,So Far Away,64,326813,False,0.286,0.703,4,-4.491,0,0.0348,0.00847,7.39e-05,0.142,0.259,151.297,4,alternative metal
193,Avenged Sevenfold,City of Evil,Bat Country,70,311813,False,0.541,0.968,0,-4.129,1,0.0396,0.000248,8.28e-06,0.423,0.505,125.04,4,alternative metal
194,Avenged Sevenfold,Avenged Sevenfold,Gunslinger,70,251533,False,0.316,0.729,2,-5.931,0,0.0356,0.0203,8.99e-06,0.207,0.367,163.127,4,alternative metal
195,Avenged Sevenfold,City of Evil,Seize the Day,69,334066,False,0.393,0.802,5,-4.499,1,0.0367,0.0168,0.0,0.193,0.338,140.101,4,alternative metal
196,Avenged Sevenfold,Hail to the King,Shepherd of Fire,68,323800,False,0.576,0.906,2,-7.677,1,0.0571,0.000332,0.0614,0.0908,0.211,127.935,4,alternative metal
197,Arijit Singh,"Sajni (From ""Laapataa Ladies"")","Sajni (From ""Laapataa Ladies"")",82,170044,False,0.428,0.413,0,-7.783,1,0.0281,0.827,9.35e-06,0.108,0.355,79.646,4,"filmi, modern bollywood"
198,Arijit Singh,"Satranga (From ""ANIMAL"")","Satranga (From ""ANIMAL"")",79,271169,False,0.273,0.405,0,-5.81,1,0.0298,0.735,0.0,0.189,0.534,89.48,4,"filmi, modern bollywood"
199,Arijit Singh,Jawan,Chaleya,74,200373,False,0.575,0.845,0,-5.28,1,0.0852,0.393,0.0107,0.131,0.439,95.047,4,"filmi, modern bollywood"
200,Arijit Singh,Dunki,O Maahi,73,233453,False,0.616,0.669,1,-6.836,1,0.0349,0.562,0.0,0.177,0.475,116.973,4,"filmi, modern bollywood"
201,Arijit Singh,"Tujhe Kitna Chahne Lage (From ""Kabir Singh"")","Tujhe Kitna Chahne Lage (From ""Kabir Singh"")",77,284779,False,0.427,0.396,11,-7.556,1,0.0366,0.736,0.0,0.11,0.306,70.368,4,"filmi, modern bollywood"
202,Arijit Singh,Ek Tha Raja,Soulmate,78,213599,False,0.664,0.553,9,-7.555,1,0.0376,0.616,0.0,0.157,0.604,99.93,4,"filmi, modern bollywood"
203,Arijit Singh,Heeriye (feat. Arijit Singh),Heeriye (feat. Arijit Singh),78,194857,False,0.728,0.494,6,-9.628,0,0.0256,0.516,0.00384,0.0759,0.558,105.007,4,"filmi, modern bollywood"
204,Arijit Singh,Bhediya (Original Motion Picture Soundtrack),Apna Bana Le,71,261702,False,0.586,0.562,9,-7.399,1,0.0267,0.803,5.52e-06,0.063,0.436,93.982,4,"filmi, modern bollywood"
205,Arijit Singh,Rocky Aur Rani Kii Prem Kahaani (Original Motion Picture Soundtrack),"Tum Kya Mile, Pt. 2",59,277500,False,0.271,0.726,7,-6.504,1,0.0527,0.586,0.0,0.353,0.532,87.424,4,"filmi, modern bollywood"
206,Arijit Singh,Rocky Aur Rani Kii Prem Kahaani (Original Motion Picture Soundtrack),Ve Kamleya,62,246988,False,0.468,0.658,2,-7.6,1,0.0667,0.81,0.0333,0.12,0.533,87.607,4,"filmi, modern bollywood"
207,Anderson .Paak,An Evening With Silk Sonic,Leave The Door Open,80,242096,False,0.586,0.616,5,-7.964,1,0.0324,0.182,0.0,0.0927,0.719,148.088,4,"escape room, hip hop, indie soul, neo soul"
208,Anderson .Paak,places to be,places to be,78,226677,True,0.548,0.878,10,-5.154,1,0.0598,0.0253,0.000934,0.0909,0.826,174.043,4,"escape room, hip hop, indie soul, neo soul"
209,Anderson .Paak,An Evening With Silk Sonic,Smokin Out The Window,72,197442,False,0.627,0.618,2,-8.529,1,0.0437,0.0558,0.0,0.351,0.848,82.03,4,"escape room, hip hop, indie soul, neo soul"
210,Anderson .Paak,An Evening With Silk Sonic,After Last Night (with Thundercat & Bootsy Collins),70,249444,False,0.651,0.703,0,-8.958,0,0.0816,0.0297,0.0,0.0608,0.647,140.051,4,"escape room, hip hop, indie soul, neo soul"
211,Anderson .Paak,An Evening With Silk Sonic,Skate,68,203122,False,0.708,0.598,5,-8.365,1,0.0291,0.037,0.0,0.17,0.698,112.027,4,"escape room, hip hop, indie soul, neo soul"
212,Anderson .Paak,An Evening With Silk Sonic,Love's Train,65,307014,False,0.711,0.605,6,-9.801,0,0.031,0.0396,2.29e-05,0.104,0.807,140.981,4,"escape room, hip hop, indie soul, neo soul"
213,Anderson .Paak,Malibu,Come Down,62,169726,True,0.841,0.898,8,-7.135,1,0.104,0.271,0.0151,0.304,0.931,98.401,4,"escape room, hip hop, indie soul, neo soul"
214,Anderson .Paak,Coast,Coast (feat. Anderson .Paak),64,166720,False,0.727,0.832,1,-5.153,0,0.0495,0.0125,9.96e-06,0.116,0.813,111.988,4,"escape room, hip hop, indie soul, neo soul"
215,Anderson .Paak,An Evening With Silk Sonic,Fly As Me,58,219389,False,0.783,0.627,2,-8.521,1,0.102,0.00756,0.0,0.0606,0.48,100.025,4,"escape room, hip hop, indie soul, neo soul"
216,Anderson .Paak,I'll Always Come Find You,Dance With The Devil,56,210804,False,0.799,0.574,9,-7.853,0,0.261,0.6,0.0,0.245,0.812,111.988,4,"escape room, hip hop, indie soul, neo soul"
217,Amy Winehouse,Back To Black (Deluxe Edition),Back To Black,81,241293,True,0.434,0.422,7,-13.964,0,0.0375,0.134,2.05e-05,0.0861,0.377,123.201,4,"british soul, neo soul"
218,Amy Winehouse,Back To Black (Deluxe Edition),Rehab,74,214946,False,0.407,0.558,0,-13.609,1,0.0552,0.0537,1.42e-06,0.34,0.777,71.815,4,"british soul, neo soul"
219,Amy Winehouse,Back To Black (Deluxe Edition),"Valerie - Live At BBC Radio 1 Live Lounge, London / 2007",75,233733,False,0.772,0.371,5,-5.743,0,0.0348,0.745,0.0,0.167,0.684,96.574,4,"british soul, neo soul"
220,Amy Winehouse,Back To Black (Deluxe Edition),Tears Dry On Their Own,73,186440,True,0.634,0.543,1,-13.391,0,0.182,0.525,0.0,0.232,0.468,121.56,4,"british soul, neo soul"
221,Amy Winehouse,Back To Black (Deluxe Edition),You Know I'm No Good,73,257186,False,0.694,0.495,9,-14.222,1,0.0329,0.0137,0.00351,0.0644,0.799,103.375,4,"british soul, neo soul"
222,Amy Winehouse,Back To Black (Deluxe Edition),Love Is A Losing Game,69,155413,False,0.484,0.294,0,-16.544,1,0.031,0.34,0.00609,0.146,0.562,165.007,4,"british soul, neo soul"
223,Amy Winehouse,Back To Black (Deluxe Edition),Me & Mr Jones,66,153173,True,0.582,0.486,4,-13.165,1,0.0764,0.518,0.0,0.0665,0.512,87.833,4,"british soul, neo soul"
224,Amy Winehouse,AMY (Original Motion Picture Soundtrack),Stronger Than Me,67,214493,False,0.883,0.458,9,-6.801,0,0.0411,0.0401,0.000419,0.0603,0.816,91.425,4,"british soul, neo soul"
225,Amy Winehouse,Back To Black (Deluxe Edition),He Can Only Hold Her,66,166400,False,0.628,0.504,11,-14.978,1,0.0729,0.0215,0.00865,0.0684,0.711,98.308,4,"british soul, neo soul"
226,Amy Winehouse,Lioness: Hidden Treasures,Our Day Will Come,66,169373,False,0.705,0.634,5,-6.083,0,0.0282,0.0405,3.53e-05,0.349,0.639,98.008,4,"british soul, neo soul"
227,Artemas,yustyna,i like the way you kiss me,80,142514,False,0.599,0.946,11,-4.263,1,0.0447,0.000938,0.0106,0.0826,0.747,151.647,4,unknown
228,Artemas,pretty,if u think i'm pretty,83,128205,True,0.535,0.622,8,-5.771,1,0.0593,0.541,0.0209,0.402,0.457,143.533,4,unknown
229,Artemas,pretty,cross my heart,74,146216,False,0.807,0.462,8,-10.756,1,0.201,0.0762,0.000718,0.205,0.229,132.408,4,unknown
230,Artemas,yustyna,dirty little secret,69,181346,False,0.61,0.866,11,-3.74,0,0.115,0.00348,0.0766,0.946,0.434,126.632,4,unknown
231,Artemas,yustyna,wet dreams,67,99750,False,0.41,0.718,7,-5.8,1,0.0448,0.283,0.00573,0.208,0.0375,126.297,4,unknown
232,Artemas,i like the way you kiss me (remixes),i like the way you kiss me - southstar remix,69,137986,False,0.656,0.876,11,-5.973,1,0.0449,0.00352,0.462,0.235,0.2,154.989,4,unknown
233,Artemas,i like the way you kiss me (burnt),i like the way you kiss me - burnt,64,162406,False,0.67,0.94,1,-3.379,1,0.0576,0.025,0.284,0.345,0.661,133.188,4,unknown
234,Artemas,just want u to feel something,prettygrunge.wav,64,119104,False,0.412,0.67,4,-3.959,1,0.0289,0.772,0.00108,0.242,0.395,134.024,4,unknown
235,Artemas,yustyna,i always kinda knew you’d be the death of me,63,136099,False,0.568,0.915,1,-3.276,0,0.0663,0.000915,4.17e-05,0.602,0.586,97.417,4,unknown
236,Artemas,So Stunning,So Stunning,24,138228,True,0.431,0.806,3,-4.646,0,0.0612,0.0319,7.32e-05,0.476,0.4,142.873,4,unknown
237,Adrianne Lenker,songs,anything,77,202047,False,0.388,0.291,3,-12.952,1,0.0421,0.774,1.93e-05,0.0874,0.51,83.943,4,"countrygaze, indie pop, small room"
238,Adrianne Lenker,songs,"not a lot, just forever",74,250198,False,0.354,0.269,1,-13.242,1,0.0297,0.885,0.00035,0.0872,0.304,91.608,4,"countrygaze, indie pop, small room"
239,Adrianne Lenker,songs,half return,74,128700,False,0.435,0.382,3,-11.75,1,0.0298,0.821,0.0327,0.117,0.668,143.866,4,"countrygaze, indie pop, small room"
240,Adrianne Lenker,songs,forwards beckon rebound,69,189464,False,0.535,0.243,2,-17.583,1,0.0344,0.914,1.82e-05,0.0745,0.631,122.737,4,"countrygaze, indie pop, small room"
241,Adrianne Lenker,songs,ingydar,63,248386,False,0.65,0.284,10,-15.665,0,0.0286,0.958,0.00221,0.213,0.512,112.767,4,"countrygaze, indie pop, small room"
242,Adrianne Lenker,a-sides,Jonathan,62,128853,False,0.573,0.276,11,-14.235,1,0.0405,0.862,0.00215,0.12,0.466,136.704,4,"countrygaze, indie pop, small room"
243,Adrianne Lenker,a-sides,Indiana,59,157440,False,0.444,0.173,1,-13.476,1,0.0505,0.937,9.03e-06,0.117,0.488,154.857,4,"countrygaze, indie pop, small room"
244,Adrianne Lenker,Bright Future,Sadness As A Gift,56,259015,False,0.53,0.277,9,-11.037,1,0.031,0.862,0.0,0.112,0.358,115.34,4,"countrygaze, indie pop, small room"
245,Adrianne Lenker,songs,zombie girl,58,164224,False,0.538,0.103,8,-19.38,1,0.0462,0.914,5.3e-05,0.137,0.383,128.424,4,"countrygaze, indie pop, small room"
246,Adrianne Lenker,Bright Future,Free Treasure,55,215514,False,0.495,0.196,1,-9.992,1,0.0333,0.915,0.0,0.152,0.375,76.47,4,"countrygaze, indie pop, small room"
247,ATEEZ,GOLDEN HOUR : Part.1,WORK,75,172381,False,0.906,0.752,11,-5.296,0,0.085,0.0136,0.0,0.0733,0.635,100.003,4,"k-pop, k-pop boy group"
248,ATEEZ,THE WORLD EP.2 : OUTLAW,BOUNCY (K-HOT CHILLI PEPPERS),70,187310,False,0.532,0.896,8,-4.356,1,0.184,0.00869,0.0,0.106,0.479,150.06,4,"k-pop, k-pop boy group"
249,ATEEZ,THE WORLD EP.FIN : WILL,Crazy Form,69,198365,False,0.83,0.791,5,-5.185,0,0.049,0.027,0.0,0.343,0.466,119.024,4,"k-pop, k-pop boy group"
250,ATEEZ,Hush-Hush,Hush-Hush,68,205013,False,0.797,0.831,11,-5.533,0,0.0643,0.0338,0.0,0.368,0.39,107.007,4,"k-pop, k-pop boy group"
251,ATEEZ,SPIN OFF : FROM THE WITNESS,HALAZIA,65,197025,False,0.482,0.884,6,-4.538,0,0.0668,0.000677,0.000575,0.0883,0.377,171.915,4,"k-pop, k-pop boy group"
252,ATEEZ,GOLDEN HOUR : Part.1,Blind,64,198736,False,0.826,0.651,10,-6.864,0,0.055,0.00179,6.45e-06,0.0697,0.559,125.036,4,"k-pop, k-pop boy group"
253,ATEEZ,THE WORLD EP.1 : MOVEMENT,Guerrilla,64,207921,False,0.555,0.89,9,-5.349,1,0.132,0.00399,0.0,0.0506,0.581,181.963,4,"k-pop, k-pop boy group"
254,ATEEZ,ZERO : FEVER Part.3,Deja Vu,64,196670,False,0.692,0.835,6,-4.978,0,0.0628,0.0517,0.0,0.134,0.566,80.017,4,"k-pop, k-pop boy group"
255,ATEEZ,TREASURE EP.FIN : All To Action,WONDERLAND,62,199013,False,0.571,0.964,4,-1.949,0,0.124,0.0503,0.0,0.356,0.519,129.997,4,"k-pop, k-pop boy group"
256,ATEEZ,THE WORLD EP.FIN : WILL,"IT's You (YEOSANG, SAN, WOOYOUNG)",62,209538,False,0.68,0.709,2,-6.427,1,0.08,0.0306,3.43e-06,0.32,0.355,144.01,4,"k-pop, k-pop boy group"
257,All Time Low,"So Wrong, It's Right","Dear Maria, Count Me In",77,182826,False,0.459,0.895,2,-3.126,1,0.0805,0.00725,0.0,0.206,0.572,181.04,4,"modern rock, neon pop punk, pop emo, pop punk"
258,All Time Low,"Wake Up, Sunshine",Monsters (feat. blackbear),68,174067,True,0.369,0.845,0,-3.449,0,0.0611,0.0493,0.0,0.416,0.782,78.532,4,"modern rock, neon pop punk, pop emo, pop punk"
259,All Time Low,Nothing Personal (Deluxe Version),Weightless,62,198000,True,0.497,0.923,2,-4.512,1,0.138,0.00282,0.0,0.158,0.663,181.074,4,"modern rock, neon pop punk, pop emo, pop punk"
260,All Time Low,Monsters (feat. Demi Lovato and blackbear),Monsters (feat. Demi Lovato and blackbear),61,174424,True,0.51,0.787,0,-3.712,0,0.0529,0.0137,0.0,0.368,0.793,162.092,4,"modern rock, neon pop punk, pop emo, pop punk"
261,All Time Low,The Forever Sessions - Vol. 1,"Dear Maria, Count Me In - ATL's Version",45,187266,False,0.491,0.837,2,-3.528,1,0.0533,4.13e-05,0.0,0.194,0.384,90.529,4,"modern rock, neon pop punk, pop emo, pop punk"
262,All Time Low,Fake As Hell (with Avril Lavigne),Fake As Hell (with Avril Lavigne),60,179166,True,0.456,0.911,1,-2.904,0,0.0476,0.000771,0.0,0.323,0.624,164.032,4,"modern rock, neon pop punk, pop emo, pop punk"
263,All Time Low,"So Wrong, It's Right",Remembering Sunday,57,256733,False,0.45,0.602,6,-4.801,0,0.0264,0.15,0.0,0.141,0.316,170.043,4,"modern rock, neon pop punk, pop emo, pop punk"
264,All Time Low,Tell Me I'm Alive,Sleepwalking,53,187344,False,0.514,0.671,11,-3.206,0,0.0309,0.022,0.0,0.0909,0.524,88.017,4,"modern rock, neon pop punk, pop emo, pop punk"
265,All Time Low,Don't Panic: It's Longer Now!,A Love Like War (feat. Vic Fuentes),56,213740,False,0.475,0.987,5,-3.515,0,0.121,0.00028,2.4e-06,0.335,0.632,162.005,4,"modern rock, neon pop punk, pop emo, pop punk"
266,All Time Low,Nothing Personal (Deluxe Version),Break Your Little Heart,55,171706,False,0.417,0.951,1,-3.006,1,0.0499,0.00295,0.0,0.335,0.643,147.944,4,"modern rock, neon pop punk, pop emo, pop punk"
267,Arcángel,X'CLUSIVO (REMIX),X'CLUSIVO - REMIX,77,208133,True,0.813,0.552,6,-6.328,1,0.0769,0.0702,0.000195,0.0542,0.773,146.953,4,"latin hip hop, reggaeton, trap latino, urbano latino"
268,Arcángel,Sr. Santos,La Jumpa,70,255693,True,0.713,0.703,8,-5.769,1,0.194,0.298,0.0,0.321,0.576,123.06,4,"latin hip hop, reggaeton, trap latino, urbano latino"
269,Arcángel,Tu No Vive Asi (feat. Mambo Kingz & DJ Luian),Tu No Vive Asi (feat. Mambo Kingz & DJ Luian),76,264000,True,0.815,0.514,6,-9.446,0,0.361,0.54,0.0,0.611,0.623,120.054,4,"latin hip hop, reggaeton, trap latino, urbano latino"
270,Arcángel,"Sentimiento, Elegancia y Maldad",Hace Mucho Tiempo,65,171333,False,0.687,0.782,8,-5.571,0,0.072,0.629,3.15e-05,0.106,0.72,89.978,4,"latin hip hop, reggaeton, trap latino, urbano latino"
271,Arcángel,El Fenomeno,Pa' Que La Pases Bien,75,214120,False,0.897,0.755,9,-5.684,0,0.144,0.00758,0.000451,0.264,0.567,110.008,4,"latin hip hop, reggaeton, trap latino, urbano latino"
272,Arcángel,"Sentimiento, Elegancia y Más Maldad",ALV,74,224285,False,0.6,0.831,5,-3.858,1,0.0476,0.299,0.0,0.234,0.652,178.245,4,"latin hip hop, reggaeton, trap latino, urbano latino"
273,Arcángel,Si Se da Remix,Si Se Da - Remix,74,332240,True,0.817,0.672,11,-5.612,0,0.299,0.441,0.0,0.13,0.774,93.999,4,"latin hip hop, reggaeton, trap latino, urbano latino"
274,Arcángel,Me Prefieres A Mi,Me Prefieres A Mi,73,195657,False,0.726,0.604,7,-8.127,1,0.0846,0.546,2.71e-05,0.913,0.788,80.994,4,"latin hip hop, reggaeton, trap latino, urbano latino"
275,Arcángel,Me Ama Me Odia,Me Ama Me Odia,72,326936,False,0.735,0.603,6,-9.474,0,0.203,0.226,3.56e-05,0.0844,0.429,135.993,4,"latin hip hop, reggaeton, trap latino, urbano latino"
276,Arcángel,ÉXODO,PESO COMPLETO,67,193714,True,0.783,0.701,1,-5.455,1,0.132,0.283,0.000781,0.643,0.52,140.04,4,"latin hip hop, reggaeton, trap latino, urbano latino"
277,A Day To Remember,Homesick,The Downfall Of Us All,68,209093,False,0.588,0.881,0,-4.62,1,0.0666,0.000252,0.0,0.326,0.709,129.947,4,"alternative metal, metalcore, neon pop punk, pop punk, screamo"
278,A Day To Remember,Homesick,If It Means A Lot To You,67,243226,False,0.584,0.536,10,-8.158,1,0.0279,0.112,0.0,0.456,0.441,127.001,4,"alternative metal, metalcore, neon pop punk, pop punk, screamo"
279,A Day To Remember,What Separates Me From You,All I Want,66,202640,False,0.349,0.981,2,-3.228,0,0.141,2.58e-05,0.0,0.343,0.207,160.042,4,"alternative metal, metalcore, neon pop punk, pop punk, screamo"
280,A Day To Remember,Homesick,"I'm Made Of Wax, Larry, What Are You Made Of?",64,180840,False,0.241,0.97,10,-4.246,0,0.104,7.35e-05,0.0,0.904,0.621,159.93,4,"alternative metal, metalcore, neon pop punk, pop punk, screamo"
281,A Day To Remember,What Separates Me From You,All Signs Point To Lauderdale,64,197200,True,0.425,0.983,10,-3.437,1,0.114,0.000263,0.0,0.114,0.513,149.95,4,"alternative metal, metalcore, neon pop punk, pop punk, screamo"
282,A Day To Remember,Homesick,Have Faith In Me,63,188813,False,0.507,0.933,0,-4.7,1,0.0869,7e-05,0.0,0.105,0.715,149.996,4,"alternative metal, metalcore, neon pop punk, pop punk, screamo"
283,A Day To Remember,Homesick,Mr. Highway's Thinking About The End,62,255826,False,0.301,0.916,10,-6.218,0,0.0919,0.000132,1.84e-05,0.293,0.451,150.091,4,"alternative metal, metalcore, neon pop punk, pop punk, screamo"
284,A Day To Remember,For Those Who Have Heart (Deluxe Edition),Since U Been Gone,61,198266,False,0.625,0.951,3,-5.209,1,0.0494,0.00497,0.0,0.107,0.721,128.01,4,"alternative metal, metalcore, neon pop punk, pop punk, screamo"
285,A Day To Remember,Miracle,Miracle,61,243977,True,0.463,0.917,7,-3.776,1,0.13,0.000266,1.8e-05,0.0872,0.369,160.028,4,"alternative metal, metalcore, neon pop punk, pop punk, screamo"
286,A Day To Remember,You're Welcome,Resentment,58,227266,False,0.496,0.955,9,-3.607,0,0.196,8.3e-05,9.64e-05,0.0549,0.143,122.956,4,"alternative metal, metalcore, neon pop punk, pop punk, screamo"
287,Alicia Keys,The Diary Of Alicia Keys,If I Ain't Got You,83,228706,False,0.609,0.444,7,-9.129,1,0.106,0.603,6.86e-06,0.104,0.166,118.402,4,"neo soul, pop, r&b"
288,Alicia Keys,Confessions (Expanded Edition),My Boo,81,223440,False,0.662,0.507,5,-8.238,1,0.118,0.257,0.0,0.0465,0.676,86.412,4,"neo soul, pop, r&b"
289,Alicia Keys,No One (Remixes),No One,74,254523,False,0.641,0.552,1,-5.423,0,0.0283,0.027,4.63e-06,0.148,0.152,90.098,4,"neo soul, pop, r&b"
290,Alicia Keys,Songs In A Minor,Fallin',76,210200,False,0.652,0.609,11,-7.519,0,0.037,0.263,0.00101,0.233,0.482,95.986,4,"neo soul, pop, r&b"
291,Alicia Keys,Girl on Fire (Remixes) - EP,Girl on Fire,75,224920,False,0.482,0.706,9,-5.762,1,0.0607,0.135,0.00106,0.105,0.144,92.513,4,"neo soul, pop, r&b"
292,Alicia Keys,Un-thinkable (I'm Ready) (feat. Drake) [Remix],Un-thinkable (I'm Ready) (feat. Drake) - Remix,70,282026,False,0.531,0.603,7,-6.242,1,0.0944,0.728,0.0,0.11,0.228,86.162,4,"neo soul, pop, r&b"
293,Alicia Keys,The Element Of Freedom,Empire State of Mind (Part II) Broken Down,69,216480,False,0.484,0.368,6,-7.784,1,0.0341,0.74,3.82e-05,0.118,0.142,92.923,4,"neo soul, pop, r&b"
294,Alicia Keys,The Diary Of Alicia Keys,You Don't Know My Name,66,366733,False,0.264,0.663,9,-8.264,1,0.187,0.59,0.00443,0.342,0.249,167.078,4,"neo soul, pop, r&b"
295,Alicia Keys,The Element Of Freedom,Un-thinkable (I'm Ready),66,249240,False,0.596,0.505,7,-7.892,1,0.0619,0.732,1.97e-05,0.106,0.335,86.097,4,"neo soul, pop, r&b"
296,Alicia Keys,In The Lonely Hour - 10th Anniversary Edition,I’m Not The Only One (feat. Alicia Keys),64,220253,False,0.449,0.444,4,-7.248,1,0.0416,0.755,6.88e-05,0.267,0.138,81.222,4,"neo soul, pop, r&b"
297,Ayesha Erotica,Big Juicy,Emo Boy,73,154096,True,0.699,0.698,11,-11.665,0,0.167,0.00534,0.0,0.267,0.601,133.972,4,unknown
298,Ayesha Erotica,Fresh Meat,Yummy,70,160940,True,0.776,0.659,10,-12.282,0,0.351,0.0127,0.00035,0.0424,0.656,91.067,4,unknown
299,Ayesha Erotica,BREAK A NECK (w/ Ayesha Erotica),BREAK A NECK (w/ Ayesha Erotica),69,116330,True,0.705,0.729,8,-5.028,1,0.143,0.000271,0.0682,0.229,0.632,159.012,4,unknown
300,Ayesha Erotica,THE BADDEST (BADDER) [feat. Ayesha Erotica],THE BADDEST (BADDER) [feat. Ayesha Erotica],69,143994,True,0.844,0.892,1,-0.892,1,0.312,0.0104,0.0,0.75,0.755,119.967,4,unknown
301,Ayesha Erotica,Yummy (Righteous Remix),Yummy - Righteous Remix,68,164001,True,0.586,0.578,5,-10.113,0,0.0431,0.00133,0.871,0.136,0.3,82.004,4,unknown
302,Ayesha Erotica,Fresh Meat,Literal Legend,68,164728,True,0.632,0.81,7,-4.289,1,0.246,0.0141,7.42e-05,0.0863,0.832,137.031,4,unknown
303,Ayesha Erotica,Big Juicy,Big Juicy,63,205191,True,0.787,0.47,1,-10.623,1,0.243,0.000717,0.0,0.12,0.965,137.954,4,unknown
304,Ayesha Erotica,Big Juicy,Sixteen,63,131982,True,0.836,0.734,8,-12.171,1,0.0762,0.00403,0.0,0.0586,0.813,131.068,4,unknown
305,Ayesha Erotica,Vacation Bible School,Vacation Bible School,62,291692,True,0.628,0.605,11,-11.536,0,0.198,0.103,0.0,0.0599,0.667,130.014,4,unknown
306,Ayesha Erotica,Barely Legal,Where You @,62,164307,True,0.514,0.735,1,-13.277,1,0.357,0.0232,0.0,0.0422,0.522,66.147,4,unknown
307,Young Thug,HEROES & VILLAINS,Trance (with Travis Scott & Young Thug),82,194786,True,0.765,0.552,1,-7.524,0,0.309,0.175,0.0,0.193,0.492,119.476,4,"atl hip hop, atl trap, gangster rap, melodic rap, rap, trap"
308,Young Thug,100 GIGS,It's Up (feat. Young Thug & 21 Savage),82,278000,True,0.782,0.719,1,-4.863,1,0.115,0.0311,0.0,0.157,0.304,139.941,4,"atl hip hop, atl trap, gangster rap, melodic rap, rap, trap"
309,Young Thug,RIVER,RIVER,57,247272,True,0.709,0.415,1,-10.811,1,0.0876,0.203,0.0,0.146,0.292,131.929,4,"atl hip hop, atl trap, gangster rap, melodic rap, rap, trap"
310,Young Thug,pick up the phone,pick up the phone,70,252262,True,0.706,0.716,7,-4.263,0,0.0768,0.115,0.0,0.316,0.459,136.904,4,"atl hip hop, atl trap, gangster rap, melodic rap, rap, trap"
311,Young Thug,Slime & B,Go Crazy,73,176960,True,0.755,0.578,0,-8.932,0,0.145,0.316,0.0,0.25,0.581,94.148,4,"atl hip hop, atl trap, gangster rap, melodic rap, rap, trap"
312,Young Thug,So Much Fun (Deluxe),Hot (Remix) [feat. Gunna and Travis Scott],72,279906,True,0.845,0.631,7,-8.206,0,0.216,0.188,0.0,0.0806,0.545,111.983,4,"atl hip hop, atl trap, gangster rap, melodic rap, rap, trap"
313,Young Thug,Certified Lover Boy,Way 2 Sexy (with Future & Young Thug),71,257604,True,0.803,0.597,11,-6.035,0,0.141,0.000619,4.5e-06,0.323,0.331,136.008,4,"atl hip hop, atl trap, gangster rap, melodic rap, rap, trap"
314,Young Thug,UTOPIA,SKITZO (feat. Young Thug),71,366592,True,0.472,0.551,5,-7.219,0,0.25,0.103,0.0,0.345,0.347,83.25,4,"atl hip hop, atl trap, gangster rap, melodic rap, rap, trap"
315,Young Thug,So Much Fun,The London (feat. J. Cole & Travis Scott),65,200186,True,0.784,0.517,4,-8.981,0,0.209,0.0249,1.44e-06,0.155,0.206,97.991,4,"atl hip hop, atl trap, gangster rap, melodic rap, rap, trap"
316,Young Thug,Slime Season 3,Digits,69,176386,True,0.769,0.632,10,-4.228,0,0.0537,0.0325,0.0,0.116,0.294,131.932,4,"atl hip hop, atl trap, gangster rap, melodic rap, rap, trap"
317,Avicii,True,Wake Me Up,86,247426,False,0.532,0.783,2,-5.697,1,0.0523,0.0038,0.0012,0.161,0.643,124.08,4,"dance pop, edm, pop, pop dance"
318,Avicii,The Days / Nights,The Nights,85,176658,False,0.527,0.835,6,-5.298,1,0.0433,0.0166,0.0,0.249,0.654,125.983,4,"dance pop, edm, pop, pop dance"
319,Avicii,Stories,Waiting For Love,80,230613,False,0.579,0.736,6,-3.863,0,0.0527,0.31,0.0,0.198,0.613,127.999,4,"dance pop, edm, pop, pop dance"
320,Avicii,Levels,Levels - Radio Edit,79,199906,False,0.584,0.889,1,-5.941,0,0.0343,0.0462,0.828,0.309,0.464,126.04,4,"dance pop, edm, pop, pop dance"
321,Avicii,True,Hey Brother,78,255093,False,0.545,0.78,7,-4.867,0,0.0436,0.0309,4.64e-05,0.0828,0.458,125.014,4,"dance pop, edm, pop, pop dance"
322,Avicii,AVĪCI - 01,Without You (feat. Sandro Cavazza),77,181672,True,0.662,0.858,2,-4.844,1,0.0428,0.00163,0.0,0.0456,0.295,133.993,4,"dance pop, edm, pop, pop dance"
323,Avicii,True,Addicted To You,73,148386,False,0.569,0.785,1,-4.057,0,0.0457,0.0505,1.12e-06,0.086,0.303,128.031,4,"dance pop, edm, pop, pop dance"
324,Avicii,I Could Be The One [Avicii vs Nicky Romero],I Could Be The One (Avicii Vs. Nicky Romero) - Radio Edit,62,208320,False,0.509,0.79,6,-3.782,0,0.0374,0.332,6.67e-05,0.316,0.638,127.946,4,"dance pop, edm, pop, pop dance"
325,Avicii,TIM,SOS (feat. Aloe Blacc),70,157202,False,0.802,0.645,5,-6.181,0,0.0715,0.272,0.0,0.119,0.376,100.001,4,"dance pop, edm, pop, pop dance"
326,Avicii,AVĪCI - 01,Lonely Together (feat. Rita Ora),70,181812,False,0.655,0.666,5,-5.309,1,0.0612,0.134,2.12e-05,0.0683,0.272,102.977,4,"dance pop, edm, pop, pop dance"
327,aespa,Armageddon - The 1st Album,Supernova,75,178880,False,0.744,0.747,11,-4.281,0,0.0824,0.00691,2.03e-06,0.0739,0.368,120.077,4,k-pop girl group
328,aespa,Armageddon - The 1st Album,Armageddon,78,196466,False,0.695,0.789,9,-2.05,1,0.0671,0.0651,1.39e-06,0.168,0.469,91.991,4,k-pop girl group
329,aespa,Drama - The 4th Mini Album,Drama,81,214973,False,0.644,0.872,6,-1.54,0,0.0417,0.164,0.0,0.363,0.378,131.016,4,k-pop girl group
330,aespa,iScreaM Vol.26 : Spicy Remix,Spicy,70,197040,False,0.757,0.898,11,-1.247,0,0.0667,0.0138,0.0,0.0703,0.842,114.949,4,k-pop girl group
331,aespa,Savage - The 1st Mini Album,Savage,72,238143,False,0.727,0.879,9,-1.167,1,0.129,0.124,1.17e-05,0.244,0.671,146.959,4,k-pop girl group
332,aespa,Next Level,Next Level,71,221573,False,0.82,0.852,11,-2.567,0,0.166,0.488,5.94e-06,0.0907,0.82,109.036,4,k-pop girl group
333,aespa,Girls - The 2nd Mini Album,Black Mamba,67,174933,False,0.612,0.912,2,-2.853,1,0.0796,0.064,0.000799,0.0843,0.472,90.006,4,k-pop girl group
334,aespa,Hold On Tight,Hold On Tight,70,149718,False,0.586,0.816,7,-6.331,1,0.283,0.0911,2.81e-06,0.235,0.265,119.8,4,k-pop girl group
335,aespa,Armageddon - The 1st Album,Live My Life,61,159133,False,0.687,0.879,10,-3.459,1,0.0378,0.203,1.53e-06,0.0814,0.801,136.995,4,k-pop girl group
336,aespa,Hot Mess,Hot Mess,68,192375,False,0.709,0.602,7,-5.054,1,0.273,0.12,6.3e-05,0.312,0.844,159.971,4,k-pop girl group
337,El Alfa,ESTE,ESTE,78,162058,False,0.921,0.682,2,-4.641,1,0.199,0.0425,0.0,0.175,0.391,102.969,4,"dembow, rap dominicano, trap latino, urbano latino"
338,El Alfa,4K,4K,75,201500,False,0.918,0.893,3,-4.585,0,0.142,0.346,0.012,0.118,0.802,120.012,4,"dembow, rap dominicano, trap latino, urbano latino"
339,El Alfa,Tacata (Remix),Tacata (Remix),75,156716,True,0.922,0.678,9,-6.016,1,0.146,0.377,0.00279,0.412,0.58,134.012,4,"dembow, rap dominicano, trap latino, urbano latino"
340,El Alfa,SAGITARIO,La Mamá de la Mamá,73,219000,False,0.921,0.927,11,-3.025,1,0.104,0.284,0.0033,0.72,0.797,129.971,4,"dembow, rap dominicano, trap latino, urbano latino"
341,El Alfa,SAGITARIO,Los Aparatos,70,232843,False,0.868,0.878,1,-3.294,1,0.038,0.0509,0.00052,0.0857,0.899,112.987,4,"dembow, rap dominicano, trap latino, urbano latino"
342,El Alfa,Mis Manos,BEBÉ,71,197284,False,0.862,0.72,4,-4.155,1,0.0361,0.476,0.0,0.0543,0.967,129.993,4,"dembow, rap dominicano, trap latino, urbano latino"
343,El Alfa,X 100PRE,La Romana,72,300579,True,0.654,0.726,0,-5.497,1,0.194,0.0328,0.0027,0.06,0.33,125.855,4,"dembow, rap dominicano, trap latino, urbano latino"
344,El Alfa,El Hombre,Suave (Remix),69,305526,False,0.875,0.909,9,-3.558,1,0.076,0.14,0.00185,0.0616,0.524,119.999,4,"dembow, rap dominicano, trap latino, urbano latino"
345,El Alfa,PLEBADA,PLEBADA,69,221739,False,0.848,0.976,9,-2.008,1,0.0799,0.286,0.000801,0.349,0.767,115.072,4,"dembow, rap dominicano, trap latino, urbano latino"
346,El Alfa,El Androide,Besalo,69,163265,False,0.765,0.79,4,-2.129,0,0.0488,0.394,0.000487,0.142,0.613,147.03,4,"dembow, rap dominicano, trap latino, urbano latino"
347,Alanis Morissette,Jagged Little Pill - 2015 Remaster,Ironic - 2015 Remaster,73,230000,False,0.408,0.582,11,-8.305,1,0.0508,0.218,0.0,0.159,0.365,114.926,4,"canadian pop, canadian singer-songwriter, lilith, neo mellow, pop rock, singer-songwriter"
348,Alanis Morissette,Jagged Little Pill - 2015 Remaster,You Oughta Know - 2015 Remaster,68,249493,True,0.665,0.834,4,-7.737,1,0.0576,0.21,0.0,0.452,0.411,105.292,4,"canadian pop, canadian singer-songwriter, lilith, neo mellow, pop rock, singer-songwriter"
349,Alanis Morissette,Jagged Little Pill - 2015 Remaster,Hand in My Pocket - 2015 Remaster,68,222013,False,0.657,0.655,0,-8.3,1,0.0248,0.135,0.00303,0.102,0.668,92.259,4,"canadian pop, canadian singer-songwriter, lilith, neo mellow, pop rock, singer-songwriter"
350,Alanis Morissette,Jagged Little Pill - 2015 Remaster,Head over Feet - 2015 Remaster,64,267293,False,0.482,0.808,0,-7.176,1,0.065,0.0562,0.0,0.202,0.438,79.599,4,"canadian pop, canadian singer-songwriter, lilith, neo mellow, pop rock, singer-songwriter"
351,Alanis Morissette,Supposed Former Infatuation Junkie,Thank U,64,258773,False,0.672,0.616,0,-5.764,1,0.0258,0.379,2.73e-05,0.0887,0.566,92.094,4,"canadian pop, canadian singer-songwriter, lilith, neo mellow, pop rock, singer-songwriter"
352,Alanis Morissette,Jagged Little Pill - 2015 Remaster,You Learn - 2015 Remaster,61,239640,False,0.401,0.706,8,-7.554,1,0.0404,0.00415,0.0,0.0916,0.458,168.669,4,"canadian pop, canadian singer-songwriter, lilith, neo mellow, pop rock, singer-songwriter"
353,Alanis Morissette,The Collection (Standard Edition),Uninvited,57,276200,False,0.38,0.538,2,-5.493,1,0.0313,0.0223,0.00487,0.094,0.193,127.416,4,"canadian pop, canadian singer-songwriter, lilith, neo mellow, pop rock, singer-songwriter"
354,Alanis Morissette,Under Rug Swept,Hands Clean,59,269400,False,0.513,0.82,7,-5.428,1,0.0299,0.00192,2.83e-06,0.504,0.52,99.952,4,"canadian pop, canadian singer-songwriter, lilith, neo mellow, pop rock, singer-songwriter"
355,Alanis Morissette,Jagged Little Pill - 2015 Remaster,All I Really Want - 2015 Remaster,55,284093,False,0.562,0.896,10,-7.974,0,0.203,0.0117,0.0,0.322,0.362,93.378,4,"canadian pop, canadian singer-songwriter, lilith, neo mellow, pop rock, singer-songwriter"
356,Alanis Morissette,The Collection (Standard Edition),Crazy - James Michael Mix,53,218760,False,0.621,0.899,7,-6.379,1,0.0533,0.0373,0.0033,0.162,0.482,104.995,4,"canadian pop, canadian singer-songwriter, lilith, neo mellow, pop rock, singer-songwriter"
357,AURORA,All My Demons Greeting Me as a Friend (Deluxe),Runaway,71,248826,False,0.459,0.276,11,-10.339,1,0.036,0.63,9.5e-05,0.104,0.128,114.169,4,"art pop, norwegian pop"
358,AURORA,Frozen 2 - Original Motion Picture Soundtrack/Deluxe Edition,Into the Unknown,73,194848,False,0.321,0.405,10,-8.533,0,0.0412,0.849,0.000544,0.138,0.274,146.072,4,"art pop, norwegian pop"
359,AURORA,The Gods We Can Touch,Cure For Me,62,201640,False,0.726,0.738,6,-6.589,0,0.0602,0.102,2.17e-05,0.0882,0.414,115.904,4,"art pop, norwegian pop"
360,AURORA,All My Demons Greeting Me as a Friend (Deluxe),Running with the Wolves,60,194760,False,0.539,0.528,5,-6.719,1,0.0546,0.246,6.65e-05,0.221,0.456,164.024,4,"art pop, norwegian pop"
361,AURORA,Butterflies (feat. AURORA),Butterflies (feat. AURORA),65,130666,False,0.326,0.157,4,-16.287,0,0.0415,0.971,0.138,0.191,0.3,178.711,4,"art pop, norwegian pop"
362,AURORA,What Happened To The Heart?,Starvation,55,207613,False,0.689,0.808,5,-5.31,0,0.188,0.25,0.000256,0.123,0.389,145.935,4,"art pop, norwegian pop"
363,AURORA,What Happened To The Heart?,To Be Alright,54,245640,False,0.581,0.606,9,-8.335,1,0.0399,0.0347,0.00221,0.34,0.344,128.004,4,"art pop, norwegian pop"
364,AURORA,What Happened To The Heart?,Some Type Of Skin,52,191333,False,0.534,0.557,3,-7.423,1,0.0361,0.446,0.258,0.111,0.225,132.039,4,"art pop, norwegian pop"
365,AURORA,What Happened To The Heart?,Your Blood,52,247493,False,0.604,0.696,0,-4.735,1,0.0256,0.0601,0.000326,0.114,0.315,130.077,4,"art pop, norwegian pop"
366,AURORA,The Gods We Can Touch,Everything Matters,52,213906,False,0.552,0.323,7,-9.773,0,0.0441,0.67,5.02e-05,0.0688,0.353,160.377,4,"art pop, norwegian pop"
367,Asake,Lungu Boy,Active,73,172597,True,0.869,0.64,5,-7.677,0,0.0424,0.011,0.00119,0.0747,0.535,112.984,4,"afrobeats, nigerian pop"
368,Asake,Lungu Boy,Wave,69,205879,False,0.562,0.903,1,-4.778,1,0.126,0.2,0.0,0.249,0.313,113.984,4,"afrobeats, nigerian pop"
369,Asake,Lungu Boy,MMS,74,219628,False,0.502,0.634,8,-3.367,0,0.144,0.677,0.0341,0.188,0.645,101.837,4,"afrobeats, nigerian pop"
370,Asake,Work Of Art,Lonely At The Top,73,157714,False,0.778,0.801,6,-7.326,0,0.106,0.692,0.000155,0.0912,0.914,104.986,4,"afrobeats, nigerian pop"
371,Asake,Playboy,Bandana,70,178225,True,0.818,0.605,1,-7.121,1,0.038,0.293,0.0116,0.0696,0.366,104.931,4,"afrobeats, nigerian pop"
372,Asake,Stubborn,Stubborn (with Asake),66,176333,False,0.786,0.757,9,-8.05,0,0.149,0.416,5.39e-06,0.0951,0.879,109.986,4,"afrobeats, nigerian pop"
373,Asake,Happiness (feat. Asake & Gunna),Happiness (feat. Asake & Gunna),70,174743,False,0.806,0.744,10,-5.377,0,0.0392,0.187,0.395,0.104,0.765,104.991,4,"afrobeats, nigerian pop"
374,Asake,Mr. Money With The Vibe,Terminator,69,155897,False,0.829,0.657,0,-6.802,1,0.0648,0.235,5.27e-05,0.0937,0.811,116.984,4,"afrobeats, nigerian pop"
375,Asake,Work Of Art,Remember,70,182142,False,0.755,0.675,10,-6.973,1,0.0918,0.512,1.41e-06,0.117,0.783,112.049,4,"afrobeats, nigerian pop"
376,Asake,Work Of Art,Amapiano,68,165000,True,0.852,0.599,5,-8.608,0,0.091,0.245,0.0,0.151,0.668,111.992,4,"afrobeats, nigerian pop"
377,Alan Jackson,A Lot About Livin' (And A Little 'Bout Love),Chattahoochee,74,148160,False,0.606,0.706,0,-9.665,1,0.0379,0.362,0.0,0.16,0.819,174.533,4,country
378,Alan Jackson,Greatest Hits Volume II,It's Five O'Clock Somewhere,71,229800,False,0.714,0.774,2,-6.713,1,0.0367,0.219,0.0,0.203,0.887,125.199,4,country
379,Alan Jackson,Everything I Love,Little Bitty,70,158626,False,0.571,0.818,4,-6.539,1,0.0415,0.151,0.0,0.348,0.728,163.045,4,country
380,Alan Jackson,Drive,Drive (For Daddy Gene),65,242733,False,0.713,0.579,11,-8.066,1,0.0413,0.338,0.0,0.174,0.511,125.179,4,country
381,Alan Jackson,Good Time,Good Time,66,306773,False,0.652,0.767,9,-10.445,1,0.0372,0.0355,6.92e-06,0.397,0.73,132.017,4,country
382,Alan Jackson,Who I Am,Gone Country,59,260493,False,0.673,0.679,7,-7.337,1,0.0254,0.0875,0.0,0.0752,0.612,125.607,4,country
383,Alan Jackson,Who I Am,Livin' On Love,57,229560,False,0.724,0.55,9,-9.767,1,0.0268,0.141,4.55e-06,0.0639,0.67,118.557,4,country
384,Alan Jackson,Don`t Rock The Jukebox,Don't Rock the Jukebox,64,171066,False,0.641,0.637,7,-10.92,1,0.0262,0.0495,0.000138,0.267,0.793,147.502,4,country
385,Alan Jackson,Greatest Hits Volume II,Remember When,50,270600,False,0.561,0.313,2,-10.624,1,0.029,0.711,0.000306,0.248,0.276,125.522,4,country
386,Alan Jackson,Here In The Real World,Chasin' That Neon Rainbow,58,185373,False,0.726,0.565,7,-10.355,1,0.033,0.21,0.0,0.0941,0.849,149.004,4,country
387,Ed Sheeran,÷ (Deluxe),Perfect,85,263400,False,0.599,0.448,8,-6.312,1,0.0232,0.163,0.0,0.106,0.168,95.05,4,"pop, singer-songwriter pop, uk pop"
388,Ed Sheeran,÷ (Deluxe),Shape of You,85,233712,False,0.825,0.652,1,-3.183,0,0.0802,0.581,0.0,0.0931,0.931,95.977,4,"pop, singer-songwriter pop, uk pop"
389,Ed Sheeran,x - Wembley Edition,Photograph,64,258986,False,0.614,0.379,4,-10.48,1,0.0476,0.607,0.000464,0.0986,0.201,107.989,4,"pop, singer-songwriter pop, uk pop"
390,Ed Sheeran,=,Shivers,82,207853,False,0.788,0.859,2,-2.724,1,0.0856,0.281,0.0,0.0424,0.822,141.02,4,"pop, singer-songwriter pop, uk pop"
391,Ed Sheeran,x - Wembley Edition,Thinking out Loud,64,281560,False,0.781,0.445,2,-6.061,1,0.0295,0.474,0.0,0.184,0.591,78.998,4,"pop, singer-songwriter pop, uk pop"
392,Ed Sheeran,=,Bad Habits,80,230746,False,0.807,0.893,11,-3.745,0,0.0347,0.0451,2.79e-05,0.366,0.537,126.011,4,"pop, singer-songwriter pop, uk pop"
393,Ed Sheeran,No.6 Collaborations Project,I Don't Care (with Justin Bieber),72,219946,False,0.798,0.676,6,-5.041,1,0.0442,0.0902,0.0,0.0894,0.843,101.956,4,"pop, singer-songwriter pop, uk pop"
394,Ed Sheeran,Familia,Bam Bam (feat. Ed Sheeran),71,206070,False,0.756,0.697,8,-6.377,1,0.0401,0.182,0.0,0.333,0.956,94.996,4,"pop, singer-songwriter pop, uk pop"
395,Ed Sheeran,÷ (Deluxe),Castle on the Hill,77,261153,False,0.461,0.834,2,-4.868,1,0.0989,0.0232,1.14e-05,0.14,0.471,135.007,4,"pop, singer-songwriter pop, uk pop"
396,Ed Sheeran,÷ (Deluxe),Galway Girl,77,170826,False,0.624,0.876,9,-3.374,1,0.1,0.0735,0.0,0.327,0.781,99.943,4,"pop, singer-songwriter pop, uk pop"
397,Aphex Twin,Drukqs,QKThr,71,87466,False,0.451,0.0223,1,-26.117,1,0.0461,0.993,0.768,0.13,0.0573,79.042,4,"ambient, braindance, electronica, intelligent dance music, uk experimental electronic"
398,Aphex Twin,Drukqs,Avril 14th,64,125520,False,0.558,0.0259,8,-30.016,1,0.0458,0.996,0.871,0.0969,0.37,157.811,4,"ambient, braindance, electronica, intelligent dance music, uk experimental electronic"
399,Aphex Twin,Selected Ambient Works 85-92,Xtal,61,293751,False,0.51,0.505,9,-13.053,0,0.0344,0.342,0.96,0.117,0.318,114.532,4,"ambient, braindance, electronica, intelligent dance music, uk experimental electronic"
400,Aphex Twin,Selected Ambient Works Volume II,#3,61,464293,False,0.159,0.071,6,-27.109,0,0.0409,0.911,0.856,0.107,0.0602,146.977,4,"ambient, braindance, electronica, intelligent dance music, uk experimental electronic"
401,Aphex Twin,Syro,aisatsana [102],58,321880,False,0.26,0.01,4,-32.894,0,0.0359,0.98,0.843,0.131,0.0349,101.39,4,"ambient, braindance, electronica, intelligent dance music, uk experimental electronic"
402,Aphex Twin,Come To Daddy,Flim,57,177093,False,0.71,0.734,0,-14.932,0,0.052,0.513,0.836,0.0701,0.4,147.98,4,"ambient, braindance, electronica, intelligent dance music, uk experimental electronic"
403,Aphex Twin,#19,#19,56,614592,False,0.118,0.117,1,-23.177,1,0.0581,0.865,0.903,0.0954,0.0529,78.095,4,"ambient, braindance, electronica, intelligent dance music, uk experimental electronic"
404,Aphex Twin,Selected Ambient Works 85-92,I,56,77346,False,0.183,0.0896,2,-27.54,1,0.0486,0.989,0.899,0.107,0.0326,76.923,4,"ambient, braindance, electronica, intelligent dance music, uk experimental electronic"
405,Aphex Twin,Syro,180db_ [130],55,191466,False,0.828,0.61,1,-7.305,1,0.0648,0.00104,0.894,0.0792,0.566,130.064,4,"ambient, braindance, electronica, intelligent dance music, uk experimental electronic"
406,Aphex Twin,...I Care Because You Do,Alberto Balsalm,55,310746,False,0.791,0.599,3,-13.648,1,0.145,0.315,0.928,0.111,0.57,93.988,4,"ambient, braindance, electronica, intelligent dance music, uk experimental electronic"
407,Jason Derulo,Everything Is 4,Want to Want Me,77,207719,False,0.775,0.68,0,-5.508,0,0.0629,0.00906,0.0,0.109,0.656,114.025,4,"dance pop, pop"
408,Jason Derulo,Jason Derulo,Whatcha Say,67,221253,False,0.615,0.711,11,-5.507,1,0.078,0.0444,0.0,0.145,0.711,144.034,4,"dance pop, pop"
409,Jason Derulo,Talk Dirty,Talk Dirty (feat. 2 Chainz),65,177685,True,0.76,0.652,6,-7.321,1,0.232,0.0348,0.0,0.307,0.759,100.315,4,"dance pop, pop"
410,Jason Derulo,Savage Love (Laxed - Siren Beat),Savage Love (Laxed - Siren Beat),72,171374,True,0.767,0.481,0,-8.52,0,0.0803,0.234,0.0,0.269,0.761,150.076,4,"dance pop, pop"
411,Jason Derulo,Nu King,Swalla (feat. Nicki Minaj & Ty Dolla $ign),65,216408,True,0.689,0.789,1,-4.901,1,0.122,0.154,0.0,0.203,0.745,98.043,4,"dance pop, pop"
412,Jason Derulo,Nu King,Acapulco,65,139672,False,0.77,0.799,10,-4.218,1,0.0512,0.0351,0.0,0.141,0.465,122.091,4,"dance pop, pop"
413,Jason Derulo,Nu King,Take You Dancing,62,190306,False,0.78,0.687,2,-5.22,1,0.0468,0.0411,0.0,0.0701,0.741,112.975,4,"dance pop, pop"
414,Jason Derulo,Jason Derulo,In My Head,63,198960,False,0.762,0.733,0,-4.175,0,0.0326,0.027,0.0,0.498,0.849,110.001,4,"dance pop, pop"
415,Jason Derulo,From the Islands (kompa pasión),From the Islands (kompa pasión),70,168871,False,0.682,0.85,11,-4.242,0,0.0497,0.0185,0.0,0.102,0.174,98.982,4,"dance pop, pop"
416,Jason Derulo,Nu King,Spicy Margarita,67,154376,False,0.714,0.825,6,-4.89,0,0.0875,0.0111,0.0,0.25,0.658,129.953,4,"dance pop, pop"
417,Alan Walker,Different World,Faded,81,212106,False,0.468,0.627,6,-5.085,1,0.0476,0.0281,7.97e-06,0.11,0.159,179.642,4,electro house
418,Alan Walker,World Of Walker,On My Way,72,193959,True,0.522,0.697,1,-5.288,0,0.103,0.0291,0.0,0.319,0.235,169.775,4,electro house
419,Alan Walker,World Of Walker,"Alone, Pt. II",73,179052,False,0.673,0.659,3,-4.493,0,0.0439,0.539,0.0,0.129,0.628,88.011,4,electro house
420,Alan Walker,"Better Off (Alone, Pt. III)","Better Off (Alone, Pt. III)",62,151702,False,0.51,0.691,9,-5.199,0,0.0449,0.0321,0.0,0.151,0.372,129.852,4,electro house
421,Alan Walker,Different World,Alone,74,160426,False,0.673,0.914,10,-3.962,1,0.0496,0.229,0.000478,0.186,0.183,97.021,4,electro house
422,Alan Walker,Issues (Alan Walker Remix),Issues - Alan Walker Remix,57,181000,True,0.752,0.774,8,-4.379,1,0.0532,0.142,8.3e-06,0.0993,0.625,113.935,4,electro house
423,Alan Walker,Different World,Darkside,72,211680,False,0.43,0.606,4,-5.115,0,0.0431,0.131,0.0,0.173,0.123,169.988,4,electro house
424,Alan Walker,Barcelona,Barcelona,72,205086,False,0.645,0.89,6,-4.985,1,0.128,0.259,9.38e-06,0.376,0.421,126.881,4,electro house
425,Alan Walker,The Spectre,The Spectre,72,193787,False,0.654,0.711,1,-7.437,0,0.0383,0.0214,0.00191,0.0903,0.198,127.957,4,electro house
426,Alan Walker,Different World,Lily,71,195840,False,0.423,0.634,6,-5.877,0,0.0578,0.196,0.0,0.189,0.467,150.978,4,electro house
427,Alvvays,Alvvays,"Archie, Marry Me",62,196560,False,0.268,0.829,7,-4.592,1,0.0743,0.00986,0.434,0.142,0.203,117.351,4,"art pop, chamber pop, dream pop, dreamo, indie pop, indie rock, noise pop, shoegaze, toronto indie"
428,Alvvays,Antisocialites,Dreams Tonite,60,196026,False,0.51,0.622,2,-5.727,1,0.0242,0.0108,4.11e-06,0.127,0.424,99.934,4,"art pop, chamber pop, dream pop, dreamo, indie pop, indie rock, noise pop, shoegaze, toronto indie"
429,Alvvays,Alvvays,Adult Diversion,55,207640,False,0.328,0.948,8,-4.355,1,0.071,0.0355,0.515,0.126,0.469,177.329,4,"art pop, chamber pop, dream pop, dreamo, indie pop, indie rock, noise pop, shoegaze, toronto indie"
430,Alvvays,Blue Rev,Tile By Tile,52,178046,False,0.469,0.727,1,-6.783,1,0.0364,0.525,0.747,0.11,0.214,116.219,4,"art pop, chamber pop, dream pop, dreamo, indie pop, indie rock, noise pop, shoegaze, toronto indie"
431,Alvvays,Antisocialites,In Undertow,51,197186,False,0.359,0.691,1,-2.626,1,0.0438,0.000112,0.00167,0.101,0.311,116.888,4,"art pop, chamber pop, dream pop, dreamo, indie pop, indie rock, noise pop, shoegaze, toronto indie"
432,Alvvays,Blue Rev,After The Earthquake,49,185276,False,0.322,0.899,4,-4.459,1,0.0931,0.009,9.63e-06,0.591,0.406,165.931,4,"art pop, chamber pop, dream pop, dreamo, indie pop, indie rock, noise pop, shoegaze, toronto indie"
433,Alvvays,Antisocialites,Not My Baby,50,256413,False,0.344,0.645,0,-4.363,1,0.035,0.0291,0.315,0.0988,0.125,150.852,4,"art pop, chamber pop, dream pop, dreamo, indie pop, indie rock, noise pop, shoegaze, toronto indie"
434,Alvvays,Alvvays,Atop a Cake,50,199573,False,0.283,0.837,4,-3.863,1,0.0529,0.33,0.492,0.346,0.453,167.387,4,"art pop, chamber pop, dream pop, dreamo, indie pop, indie rock, noise pop, shoegaze, toronto indie"
435,Alvvays,Alvvays,Ones Who Love You,49,227240,False,0.49,0.647,2,-5.931,1,0.0335,0.448,0.888,0.0923,0.43,117.045,4,"art pop, chamber pop, dream pop, dreamo, indie pop, indie rock, noise pop, shoegaze, toronto indie"
436,Alvvays,Alvvays,Next of Kin,48,228453,False,0.33,0.895,9,-4.488,1,0.0485,0.363,0.753,0.265,0.609,160.936,4,"art pop, chamber pop, dream pop, dreamo, indie pop, indie rock, noise pop, shoegaze, toronto indie"
437,Ava Max,KYGO,Whatever,76,178273,False,0.58,0.77,0,-5.724,0,0.0579,0.117,0.0,0.334,0.624,108.0,4,pop
438,Ava Max,Heaven & Hell,Sweet but Psycho,80,187436,False,0.72,0.706,1,-4.719,1,0.0473,0.0684,0.0,0.166,0.62,133.002,4,pop
439,Ava Max,DRIVE,The Motto,71,164818,False,0.754,0.763,7,-4.627,0,0.0435,0.0301,2.23e-05,0.0901,0.464,117.953,4,pop
440,Ava Max,Heaven & Hell,Kings & Queens,78,162398,False,0.637,0.69,1,-4.057,0,0.0405,0.00786,0.0,0.124,0.457,129.857,4,pop
441,Ava Max,World Of Walker,"Alone, Pt. II",73,179052,False,0.673,0.659,3,-4.493,0,0.0439,0.539,0.0,0.129,0.628,88.011,4,pop
442,Ava Max,Car Keys (Ayla),Car Keys (Ayla),74,147211,False,0.719,0.959,9,-5.29,0,0.125,0.341,0.0,0.255,0.522,126.031,4,pop
443,Ava Max,Heaven & Hell,My Head & My Heart,73,174760,False,0.614,0.934,9,-3.709,0,0.07,0.0697,0.0,0.121,0.436,116.001,4,pop
444,Ava Max,Heaven & Hell,So Am I,72,183026,False,0.681,0.657,6,-4.671,1,0.0432,0.0748,0.0,0.353,0.628,130.089,4,pop
445,Ava Max,Into Your Arms (feat. Ava Max),Into Your Arms (feat. Ava Max),70,186022,True,0.504,0.788,3,-4.113,0,0.214,0.0132,0.0,0.363,0.228,169.907,4,pop
446,Ava Max,My Oh My,My Oh My,70,156155,False,0.691,0.856,11,-3.899,1,0.0383,0.0174,4.76e-05,0.111,0.638,117.081,4,pop
447,Alice Cooper,Trash,Poison,71,270080,False,0.28,0.908,2,-5.509,0,0.109,0.0327,8.85e-06,0.18,0.26,118.698,4,"album rock, classic rock, detroit rock, glam metal, glam rock, hard rock, metal, protopunk, rock"
448,Alice Cooper,School's Out,School's Out,68,210106,False,0.294,0.745,5,-9.138,1,0.0461,0.05,0.125,0.676,0.347,134.364,4,"album rock, classic rock, detroit rock, glam metal, glam rock, hard rock, metal, protopunk, rock"
449,Alice Cooper,Billion Dollar Babies (Deluxe Reissue),No More Mr. Nice Guy,58,187893,False,0.498,0.515,11,-11.985,0,0.0395,0.0936,0.0,0.1,0.616,127.765,4,"album rock, classic rock, detroit rock, glam metal, glam rock, hard rock, metal, protopunk, rock"
450,Alice Cooper,Love It to Death,I'm Eighteen,55,180760,False,0.618,0.413,4,-14.164,0,0.0302,0.249,0.0517,0.131,0.531,97.84,4,"album rock, classic rock, detroit rock, glam metal, glam rock, hard rock, metal, protopunk, rock"
451,Alice Cooper,Hey Stoopid,Feed My Frankenstein,51,284693,False,0.531,0.917,0,-8.033,1,0.0554,0.00362,0.000347,0.239,0.393,101.829,4,"album rock, classic rock, detroit rock, glam metal, glam rock, hard rock, metal, protopunk, rock"
452,Alice Cooper,Alice Cooper Goes to Hell,I'm Always Chasing Rainbows,49,128333,False,0.466,0.339,10,-13.081,1,0.0369,0.305,0.000524,0.202,0.323,113.687,4,"album rock, classic rock, detroit rock, glam metal, glam rock, hard rock, metal, protopunk, rock"
453,Alice Cooper,Trash,Bed of Nails,48,259986,False,0.252,0.971,10,-5.597,0,0.1,0.00295,5.04e-05,0.528,0.305,137.497,4,"album rock, classic rock, detroit rock, glam metal, glam rock, hard rock, metal, protopunk, rock"
454,Alice Cooper,Hey Stoopid,Hey Stoopid,47,273933,False,0.47,0.939,7,-7.782,0,0.0599,0.00511,0.00102,0.51,0.3,129.896,4,"album rock, classic rock, detroit rock, glam metal, glam rock, hard rock, metal, protopunk, rock"
455,Alice Cooper,Alice Cooper Goes to Hell,I Never Cry,46,224600,False,0.553,0.284,0,-15.602,1,0.0317,0.45,3.48e-06,0.114,0.374,136.112,4,"album rock, classic rock, detroit rock, glam metal, glam rock, hard rock, metal, protopunk, rock"
456,Alice Cooper,Killer,Under My Wheels,46,171560,False,0.239,0.798,5,-13.952,1,0.0671,0.000485,0.376,0.141,0.292,141.228,4,"album rock, classic rock, detroit rock, glam metal, glam rock, hard rock, metal, protopunk, rock"
457,Alfredo Olivas,ALFA & OMEGA,Vete,78,185240,False,0.626,0.708,5,-7.097,1,0.0556,0.442,3.04e-06,0.137,0.883,168.162,4,"banda, corrido, musica mexicana, norteno, sad sierreno, sierreno"
458,Alfredo Olivas,Así Es Esto,El Precio De La Soledad,77,186360,False,0.715,0.846,10,-3.665,1,0.18,0.129,2.57e-06,0.084,0.909,95.426,4,"banda, corrido, musica mexicana, norteno, sad sierreno, sierreno"
459,Alfredo Olivas,El Día De Los Muertos,El Vals Del Olvido,76,209266,False,0.725,0.47,7,-4.764,0,0.0381,0.406,0.0,0.0624,0.931,105.965,4,"banda, corrido, musica mexicana, norteno, sad sierreno, sierreno"
460,Alfredo Olivas,Tengo Claro,Tengo Claro,76,191681,False,0.801,0.597,3,-7.105,1,0.0317,0.258,1.43e-05,0.0923,0.965,112.978,4,"banda, corrido, musica mexicana, norteno, sad sierreno, sierreno"
461,Alfredo Olivas,La Rueda De La Fortuna,El Paciente,75,211266,False,0.707,0.713,3,-3.609,1,0.0367,0.316,0.0,0.114,0.973,142.003,4,"banda, corrido, musica mexicana, norteno, sad sierreno, sierreno"
462,Alfredo Olivas,ALFA & OMEGA,Yo Todo Lo Doy,74,202453,False,0.597,0.725,2,-6.686,0,0.136,0.306,0.000161,0.3,0.8,189.96,4,"banda, corrido, musica mexicana, norteno, sad sierreno, sierreno"
463,Alfredo Olivas,La Rueda De La Fortuna,En Definitiva,74,216266,False,0.696,0.669,6,-4.509,0,0.0386,0.304,0.0,0.0953,0.62,139.998,4,"banda, corrido, musica mexicana, norteno, sad sierreno, sierreno"
464,Alfredo Olivas,ALFA & OMEGA,No,73,187240,False,0.666,0.7,9,-6.592,1,0.0554,0.0683,0.0,0.144,0.749,160.014,4,"banda, corrido, musica mexicana, norteno, sad sierreno, sierreno"
465,Alfredo Olivas,El Día De Los Muertos,El Sillón,71,199293,False,0.774,0.595,2,-4.267,0,0.0345,0.175,1.38e-05,0.187,0.934,115.035,4,"banda, corrido, musica mexicana, norteno, sad sierreno, sierreno"
466,Alfredo Olivas,La Rueda De La Fortuna,Seguramente,70,196666,False,0.805,0.845,7,-3.577,1,0.031,0.368,0.0,0.15,0.96,99.988,4,"banda, corrido, musica mexicana, norteno, sad sierreno, sierreno"
467,alex_g_offline,1234,I Wait for You,75,158104,False,0.594,0.304,7,-14.389,1,0.036,0.956,0.00579,0.119,0.308,122.636,4,unknown
468,alex_g_offline,1234,Break,74,177028,False,0.473,0.452,9,-14.238,1,0.0267,0.0316,0.859,0.119,0.48,79.318,4,unknown
469,alex_g_offline,1234,Pretend,73,359769,False,0.611,0.703,9,-2.924,1,0.0282,0.0541,1.29e-06,0.105,0.358,116.11,4,unknown
470,alex_g_offline,1234,Sometimes,69,152102,False,0.665,0.388,10,-16.208,1,0.0432,0.851,0.806,0.0757,0.882,111.148,4,unknown
471,Christina Aguilera,Feel Good Music,Moves Like Jagger - Studio Recording From The Voice Performance,49,202986,False,0.728,0.734,9,-5.12,1,0.0451,0.0135,0.0,0.31,0.637,128.009,4,"dance pop, pop"
472,Christina Aguilera,Global Warming: Meltdown (Deluxe Version),Feel This Moment (feat. Christina Aguilera),79,229506,False,0.673,0.758,7,-3.632,1,0.158,0.039,0.0,0.341,0.542,135.956,4,"dance pop, pop"
473,Christina Aguilera,Christina Aguilera (Expanded Edition),Genie In a Bottle,78,217573,False,0.633,0.8,1,-6.945,1,0.166,0.209,0.000123,0.137,0.913,175.716,4,"dance pop, pop"
474,Christina Aguilera,Is There Anybody Out There?,Say Something,69,229400,False,0.407,0.147,2,-8.822,1,0.0355,0.857,2.89e-06,0.0913,0.0765,141.284,4,"dance pop, pop"
475,Christina Aguilera,Lady Marmalade,Lady Marmalade - Single Edit,67,267960,False,0.754,0.811,5,-3.679,1,0.0561,0.0185,5.18e-06,0.654,0.639,109.902,4,"dance pop, pop"
476,Christina Aguilera,El Ultimo Adiós,El Ultimo Adiós - Varios Artistas Version,70,237466,False,0.296,0.572,1,-7.818,1,0.0369,0.641,0.0,0.2,0.288,78.714,4,"dance pop, pop"
477,Christina Aguilera,Stripped,Beautiful,67,238560,False,0.456,0.573,5,-3.866,0,0.0275,0.578,3.05e-06,0.114,0.0992,76.19,4,"dance pop, pop"
478,Christina Aguilera,Stripped,Dirrty (feat. Redman),66,298853,False,0.64,0.889,2,-3.073,1,0.322,0.107,0.0,0.339,0.436,99.931,4,"dance pop, pop"
479,Christina Aguilera,Stripped,Fighter,65,245960,False,0.435,0.92,4,-1.357,0,0.201,0.235,0.000353,0.552,0.45,188.899,4,"dance pop, pop"
480,Christina Aguilera,Mi Reflejo,Pero Me Acuerdo de Tí,65,265733,False,0.679,0.474,6,-6.323,1,0.0294,0.546,0.00149,0.373,0.197,117.947,4,"dance pop, pop"
481,Alec Benjamin,Narrated For You,Let Me Down Slowly,82,169353,False,0.652,0.557,1,-5.714,0,0.0318,0.74,0.0,0.124,0.483,150.073,4,"alt z, pop, pov: indie"
482,Alec Benjamin,Narrated For You,If We Have Each Other,74,181522,False,0.656,0.577,10,-5.566,0,0.0802,0.698,0.0,0.296,0.861,173.094,4,"alt z, pop, pov: indie"
483,Alec Benjamin,Narrated For You,Water Fountain,73,218893,False,0.723,0.504,8,-5.572,1,0.0392,0.388,7.4e-05,0.087,0.551,133.975,4,"alt z, pop, pov: indie"
484,Alec Benjamin,Narrated For You,If I Killed Someone For You,70,185122,False,0.514,0.605,7,-5.363,1,0.0337,0.774,2.91e-06,0.121,0.409,120.894,4,"alt z, pop, pov: indie"
485,Alec Benjamin,(Un)Commentary,Devil Doesn’t Bargain,70,163613,False,0.448,0.606,3,-4.565,1,0.0609,0.577,0.0,0.217,0.483,121.15,4,"alt z, pop, pov: indie"
486,Alec Benjamin,Narrated For You,Boy In The Bubble,67,181705,False,0.817,0.578,11,-7.579,0,0.0824,0.224,0.00103,0.251,0.851,143.982,4,"alt z, pop, pov: indie"
487,Alec Benjamin,Let Me Down Slowly (feat. Alessia Cara),Let Me Down Slowly (feat. Alessia Cara),64,169174,False,0.655,0.569,1,-5.018,0,0.0349,0.716,7.4e-06,0.135,0.44,150.267,4,"alt z, pop, pov: indie"
488,Alec Benjamin,12 Notes,I Sent My Therapist To Therapy,62,180923,False,0.691,0.698,5,-6.201,0,0.108,0.303,7.39e-06,0.412,0.631,76.005,4,"alt z, pop, pov: indie"
489,Alec Benjamin,"Eyes Blue Like The Atlantic, Pt. 2 (feat. Powfu, Alec Benjamin & Rxseboy)","Eyes Blue Like The Atlantic, Pt. 2 (feat. Powfu, Alec Benjamin & Rxseboy)",62,156187,False,0.702,0.616,6,-4.903,1,0.326,0.686,0.0,0.145,0.507,80.482,4,"alt z, pop, pov: indie"
490,Alec Benjamin,Narrated For You,Outrunning Karma,62,188850,False,0.416,0.649,11,-5.271,0,0.0385,0.655,2.82e-06,0.12,0.474,112.482,4,"alt z, pop, pov: indie"
491,Aerosmith,Aerosmith,Dream On,82,267596,False,0.392,0.476,1,-7.583,1,0.0249,0.397,0.000163,0.309,0.234,78.031,4,"album rock, classic rock, hard rock, rock"
492,Aerosmith,I Don't Want To Miss A Thing EP,"I Don't Want To Miss A Thing - From ""Armageddon"" Soundtrack",76,299723,False,0.39,0.649,2,-5.163,1,0.0345,0.172,0.0,0.216,0.144,121.161,4,"album rock, classic rock, hard rock, rock"
493,Aerosmith,Toys In The Attic,Walk This Way,75,220310,False,0.653,0.73,5,-10.613,1,0.0429,0.0115,1.02e-05,0.0776,0.894,108.709,4,"album rock, classic rock, hard rock, rock"
494,Aerosmith,Toys In The Attic,Sweet Emotion,73,274088,False,0.379,0.76,9,-10.961,1,0.0378,0.00298,0.0296,0.104,0.491,99.436,4,"album rock, classic rock, hard rock, rock"
495,Aerosmith,Get A Grip,Crazy,73,316826,False,0.348,0.848,6,-4.674,0,0.0396,0.0454,0.0,0.143,0.486,162.189,4,"album rock, classic rock, hard rock, rock"
496,Aerosmith,Get A Grip,Cryin',70,308560,False,0.452,0.813,9,-4.45,1,0.0319,8.31e-05,0.0381,0.274,0.539,105.757,4,"album rock, classic rock, hard rock, rock"
497,Aerosmith,Permanent Vacation,Dude (Looks Like A Lady),68,265773,False,0.54,0.982,4,-2.962,0,0.0458,0.435,3.37e-05,0.0457,0.91,126.294,4,"album rock, classic rock, hard rock, rock"
498,Aerosmith,Get A Grip,Amazing,65,355915,False,0.305,0.803,0,-4.668,1,0.0412,0.0495,0.000315,0.329,0.282,139.381,4,"album rock, classic rock, hard rock, rock"
499,Aerosmith,Permanent Vacation,Angel,62,308906,False,0.239,0.819,3,-3.583,1,0.0393,0.304,0.0,0.0855,0.439,171.449,4,"album rock, classic rock, hard rock, rock"
500,Aerosmith,Just Push Play,Jaded,62,215823,False,0.518,0.866,9,-4.476,1,0.0509,0.00413,1.93e-05,0.246,0.671,117.983,4,"album rock, classic rock, hard rock, rock"
501,Aly & AJ,Insomniatic,Potential Breakup Song,63,219773,False,0.572,0.89,6,-4.139,0,0.039,0.00082,0.00937,0.564,0.765,158.038,4,"dance pop, girl group, post-teen pop"
502,Aly & AJ,Potential Breakup Song,Potential Breakup Song,55,218333,True,0.554,0.901,6,-4.139,0,0.0384,0.000493,0.000291,0.0867,0.537,157.987,4,"dance pop, girl group, post-teen pop"
503,Aly & AJ,a touch of the beat gets you up on your feet gets you out and then into the sun,Slow Dancing,50,267880,False,0.701,0.455,7,-9.0,1,0.0296,0.568,0.242,0.114,0.312,113.992,4,"dance pop, girl group, post-teen pop"
504,Aly & AJ,Insomniatic,Like Whoa,50,150826,False,0.703,0.806,8,-4.974,0,0.0555,0.00935,0.00056,0.0948,0.844,120.996,4,"dance pop, girl group, post-teen pop"
505,Aly & AJ,Into The Rush,Walking On Sunshine,46,233733,False,0.65,0.961,9,-3.208,1,0.0392,0.0131,0.0,0.0725,0.943,108.992,4,"dance pop, girl group, post-teen pop"
506,Aly & AJ,Into The Rush,Rush,46,191733,False,0.548,0.815,2,-5.218,0,0.0409,0.0175,8.9e-06,0.127,0.212,129.963,4,"dance pop, girl group, post-teen pop"
507,Aly & AJ,Insomniatic,Chemicals React - Remix,43,175920,False,0.5,0.889,11,-4.541,1,0.0676,0.0014,0.0,0.0781,0.428,132.713,4,"dance pop, girl group, post-teen pop"
508,Aly & AJ,Into The Rush,Do You Believe In Magic,42,134066,False,0.555,0.909,5,-2.738,1,0.0356,0.153,2.87e-06,0.129,0.785,138.983,4,"dance pop, girl group, post-teen pop"
509,Aly & AJ,Into The Rush,No One,40,177560,False,0.457,0.577,7,-5.351,1,0.0264,0.00643,0.000315,0.0813,0.321,158.597,4,"dance pop, girl group, post-teen pop"
510,Aly & AJ,a touch of the beat gets you up on your feet gets you out and then into the sun,Pretty Places,39,319400,False,0.577,0.798,2,-5.037,1,0.0365,0.0963,0.0788,0.311,0.413,128.0,4,"dance pop, girl group, post-teen pop"
511,USHER,Confessions (Expanded Edition),Yeah! (feat. Lil Jon & Ludacris),85,250373,False,0.894,0.791,2,-4.699,1,0.112,0.0183,0.0,0.0388,0.583,105.018,4,"atl hip hop, contemporary r&b, dance pop, pop, r&b, rap, south carolina hip hop, urban contemporary"
512,USHER,Raymond v Raymond (Expanded Edition),DJ Got Us Fallin' In Love (feat. Pitbull),83,220800,False,0.663,0.861,7,-3.398,0,0.109,0.0338,0.0,0.082,0.654,119.963,4,"atl hip hop, contemporary r&b, dance pop, pop, r&b, rap, south carolina hip hop, urban contemporary"
513,USHER,Confessions (Expanded Edition),My Boo,81,223440,False,0.662,0.507,5,-8.238,1,0.118,0.257,0.0,0.0465,0.676,86.412,4,"atl hip hop, contemporary r&b, dance pop, pop, r&b, rap, south carolina hip hop, urban contemporary"
514,USHER,Raymond v Raymond (Expanded Edition),Hey Daddy (Daddy's Home),78,224093,False,0.59,0.698,11,-4.262,1,0.0286,0.000176,0.0,0.107,0.352,95.975,4,"atl hip hop, contemporary r&b, dance pop, pop, r&b, rap, south carolina hip hop, urban contemporary"
515,USHER,8701,U Remind Me,73,266893,False,0.657,0.629,6,-4.938,1,0.0782,0.194,0.0,0.254,0.726,93.985,4,"atl hip hop, contemporary r&b, dance pop, pop, r&b, rap, south carolina hip hop, urban contemporary"
516,USHER,Confessions (Expanded Edition),Burn,73,231933,False,0.796,0.477,1,-7.161,1,0.108,0.314,0.0,0.12,0.685,119.928,4,"atl hip hop, contemporary r&b, dance pop, pop, r&b, rap, south carolina hip hop, urban contemporary"
517,USHER,Here I Stand,Love in This Club (feat. Young Jeezy),72,259720,False,0.573,0.712,0,-5.976,1,0.0732,0.0572,0.0,0.167,0.346,140.012,4,"atl hip hop, contemporary r&b, dance pop, pop, r&b, rap, south carolina hip hop, urban contemporary"
518,USHER,Confessions (Expanded Edition),Confessions Part II,72,211200,False,0.845,0.467,1,-7.674,1,0.138,0.0586,0.0,0.0694,0.702,138.007,4,"atl hip hop, contemporary r&b, dance pop, pop, r&b, rap, south carolina hip hop, urban contemporary"
519,USHER,Raymond v Raymond (Expanded Edition),OMG (feat. will.i.am),69,269493,False,0.781,0.745,4,-5.81,0,0.0332,0.198,1.14e-05,0.36,0.326,129.998,4,"atl hip hop, contemporary r&b, dance pop, pop, r&b, rap, south carolina hip hop, urban contemporary"
520,USHER,My Way,You Make Me Wanna...,70,219120,False,0.761,0.639,5,-7.577,0,0.0539,0.0359,0.0,0.0945,0.922,164.088,4,"atl hip hop, contemporary r&b, dance pop, pop, r&b, rap, south carolina hip hop, urban contemporary"
521,AFI,DECEMBERUNDERGROUND,Miss Murder,70,206586,False,0.308,0.873,8,-4.542,1,0.0533,0.00022,0.000729,0.0974,0.686,143.519,4,"alternative metal, nu metal, pop punk, post-grunge, punk, screamo"
522,AFI,Sing The Sorrow,Girl's Not Grey,59,190493,False,0.389,0.904,8,-4.494,0,0.0355,0.00844,0.000155,0.124,0.67,121.863,4,"alternative metal, nu metal, pop punk, post-grunge, punk, screamo"
523,AFI,All Hallows EP,The Boy Who Destroyed The World,52,185360,False,0.232,0.978,4,-5.766,0,0.0836,3.5e-05,0.00395,0.321,0.578,163.712,4,"alternative metal, nu metal, pop punk, post-grunge, punk, screamo"
524,AFI,DECEMBERUNDERGROUND,Prelude 12/21,52,94466,False,0.678,0.658,3,-9.133,0,0.0481,0.0753,0.0,0.125,0.616,75.017,4,"alternative metal, nu metal, pop punk, post-grunge, punk, screamo"
525,AFI,Sing The Sorrow,Silver And Cold,52,250706,False,0.408,0.839,3,-4.543,0,0.0369,0.00258,6.96e-06,0.333,0.37,131.521,4,"alternative metal, nu metal, pop punk, post-grunge, punk, screamo"
526,AFI,Sing The Sorrow,The Leaving Song Pt. II,50,211040,False,0.512,0.82,3,-5.971,0,0.0303,0.00143,0.00143,0.104,0.602,88.977,4,"alternative metal, nu metal, pop punk, post-grunge, punk, screamo"
527,AFI,The Art Of Drowning,The Days Of The Phoenix,50,207693,False,0.396,0.986,11,-4.467,0,0.0574,0.000981,0.000409,0.23,0.546,110.72,4,"alternative metal, nu metal, pop punk, post-grunge, punk, screamo"
528,AFI,DECEMBERUNDERGROUND,Love Like Winter,50,165653,False,0.592,0.914,10,-4.753,0,0.0468,0.000259,0.000139,0.0452,0.524,120.032,4,"alternative metal, nu metal, pop punk, post-grunge, punk, screamo"
529,AFI,Sing The Sorrow,Dancing Through Sunday,50,146666,False,0.554,0.98,3,-2.849,0,0.0947,0.00291,0.0,0.279,0.643,114.078,4,"alternative metal, nu metal, pop punk, post-grunge, punk, screamo"
530,AFI,AFI,Totalimmortal,47,164360,False,0.482,0.968,4,-3.678,0,0.0816,0.00139,0.000347,0.157,0.559,101.022,4,"alternative metal, nu metal, pop punk, post-grunge, punk, screamo"
531,Alex Warren,Carry You Home,Carry You Home,85,166880,False,0.525,0.66,10,-7.094,1,0.111,0.468,3.3e-06,0.128,0.458,123.787,4,"gen z singer-songwriter, singer-songwriter pop"
532,Alex Warren,Before You Leave Me,Before You Leave Me,79,176178,False,0.702,0.84,4,-5.382,1,0.0657,0.151,0.0,0.081,0.639,120.035,4,"gen z singer-songwriter, singer-songwriter pop"
533,Alex Warren,Save You a Seat,Save You a Seat,72,197573,False,0.59,0.469,6,-6.287,1,0.0467,0.398,0.0,0.0872,0.331,135.798,4,"gen z singer-songwriter, singer-songwriter pop"
534,Alex Warren,Chasing Shadows,Chasing Shadows,66,164027,False,0.779,0.604,1,-8.039,0,0.0403,0.556,0.0,0.112,0.404,120.017,4,"gen z singer-songwriter, singer-songwriter pop"
535,Alex Warren,One More I Love You,One More I Love You,61,216935,False,0.631,0.381,8,-8.232,1,0.0386,0.768,0.00218,0.261,0.546,92.951,4,"gen z singer-songwriter, singer-songwriter pop"
536,Alex Warren,Yard Sale,Yard Sale,60,174196,False,0.648,0.768,0,-6.071,1,0.0541,0.246,0.0,0.0768,0.244,126.897,4,"gen z singer-songwriter, singer-songwriter pop"
537,Alex Warren,Carry You Home (feat. Ella Henderson),Carry You Home (feat. Ella Henderson),59,166880,False,0.445,0.694,10,-6.135,1,0.118,0.502,0.0,0.152,0.345,122.843,4,"gen z singer-songwriter, singer-songwriter pop"
538,Alex Warren,Change Your Mind,Change Your Mind,56,174406,False,0.409,0.401,3,-6.776,0,0.0324,0.662,3.83e-05,0.0959,0.416,143.59,4,"gen z singer-songwriter, singer-songwriter pop"
539,Alex Warren,Give You Love,Give You Love,54,183399,False,0.59,0.724,1,-4.088,1,0.0301,0.147,0.00026,0.191,0.524,155.113,4,"gen z singer-songwriter, singer-songwriter pop"
540,Alex Warren,Screaming Underwater,Screaming Underwater,54,146093,False,0.547,0.621,4,-6.287,0,0.0581,0.72,0.00996,0.408,0.712,107.415,4,"gen z singer-songwriter, singer-songwriter pop"
541,Johann Sebastian Bach,Bach: Unaccompanied Cello Suites (Remastered),"Cello Suite No. 1 in G Major, BWV 1007: I. Prélude",63,151733,False,0.218,0.111,7,-21.375,1,0.0688,0.895,0.834,0.165,0.27,77.423,4,"baroque, classical, early music, german baroque"
542,Johann Sebastian Bach,"J.S. Bach: The Well-Tempered Clavier, Book 1, BWV 846-869 / Prelude & Fugue in C Major, BWV 846: I. Prelude","The Well-Tempered Clavier, Book 1, BWV 846-869 / Prelude & Fugue in C Major, BWV 846: I. Prelude",52,139306,False,0.221,0.126,0,-25.367,1,0.0447,0.989,0.897,0.0769,0.216,133.564,4,"baroque, classical, early music, german baroque"
543,Johann Sebastian Bach,"Bach, J.S.: Italian Concerto / Chromatic Fantasia and Fugue / 12 Little Preludes","Prelude in C Minor, BWV 999",50,68573,False,0.338,0.15,7,-27.434,0,0.0478,0.987,0.77,0.11,0.785,119.647,4,"baroque, classical, early music, german baroque"
544,Johann Sebastian Bach,"Bach, J.S.: Italian Concerto / Chromatic Fantasia and Fugue / 12 Little Preludes","Prelude in D Minor, BWV 926",48,75533,False,0.354,0.183,7,-25.575,0,0.0448,0.993,0.897,0.12,0.529,125.519,4,"baroque, classical, early music, german baroque"
545,Johann Sebastian Bach,"Bach: The Goldberg Variations, BWV 988 (1981 Gould Remaster)","Goldberg Variations, BWV 988: Aria",60,184853,False,0.454,0.0139,4,-29.966,0,0.0513,0.995,0.943,0.0736,0.243,130.242,4,"baroque, classical, early music, german baroque"
546,Johann Sebastian Bach,"Bach, J.S.: Italian Concerto / Chromatic Fantasia and Fugue / 12 Little Preludes","Prelude in C Major, BWV 924: Praeambulum in C Major, BWV 924",46,67093,False,0.268,0.216,0,-26.338,1,0.0421,0.992,0.848,0.115,0.599,138.562,4,"baroque, classical, early music, german baroque"
547,Johann Sebastian Bach,"Bach, J.S.: Italian Concerto / Chromatic Fantasia and Fugue / 12 Little Preludes","Prelude in G Minor, BWV 930: Praeambulum in G Minor, BWV 930",45,87746,False,0.325,0.236,7,-24.018,0,0.0429,0.993,0.899,0.163,0.599,128.782,4,"baroque, classical, early music, german baroque"
548,Johann Sebastian Bach,"Bach, J.S.: Italian Concerto / Chromatic Fantasia and Fugue / 12 Little Preludes","Prelude in D Major, BWV 925",45,68133,False,0.315,0.261,2,-22.325,1,0.0435,0.991,0.916,0.122,0.825,139.072,4,"baroque, classical, early music, german baroque"
549,Johann Sebastian Bach,Bach: Overtures (Suites) Nos. 1-4,"Overture (Suite) No. 2 in B Minor, BWV 1067: VII. Badinerie",57,90106,False,0.515,0.269,11,-21.859,0,0.037,0.847,0.0897,0.0757,0.964,130.998,4,"baroque, classical, early music, german baroque"
550,Johann Sebastian Bach,Six Evolutions - Bach: Cello Suites,"Unaccompanied Cello Suite No. 1 in G major, BWV 1007: I. Prélude",56,150973,False,0.267,0.0991,7,-22.496,1,0.075,0.988,0.916,0.108,0.42,165.474,4,"baroque, classical, early music, german baroque"
551,The Alchemist,Bread,E. Coli (feat. Earl Sweatshirt),69,132147,True,0.322,0.555,11,-8.726,0,0.129,0.208,0.00437,0.325,0.397,96.019,4,"alternative hip hop, drumless hip hop, hip hop, instrumental hip hop, west coast rap"
552,The Alchemist,Yacht Rock 2,Ocean Prime (feat. Boldy James),69,99906,True,0.583,0.604,2,-8.437,1,0.456,0.735,0.0,0.724,0.691,49.305,4,"alternative hip hop, drumless hip hop, hip hop, instrumental hip hop, west coast rap"
553,The Alchemist,Super Tecmo Bo,Great Adventures,68,107253,True,0.499,0.468,1,-11.023,1,0.522,0.703,0.0,0.167,0.719,163.117,4,"alternative hip hop, drumless hip hop, hip hop, instrumental hip hop, west coast rap"
554,The Alchemist,Together Forever,Together Forever (Big Sean & The Alchemist),63,181910,True,0.669,0.734,8,-7.183,1,0.0725,0.275,0.0,0.172,0.628,113.057,4,"alternative hip hop, drumless hip hop, hip hop, instrumental hip hop, west coast rap"
555,The Alchemist,Alfredo,1985,63,152546,True,0.528,0.595,0,-10.35,0,0.281,0.337,0.0,0.389,0.36,130.396,4,"alternative hip hop, drumless hip hop, hip hop, instrumental hip hop, west coast rap"
556,The Alchemist,This Thing Of Ours 2,6 Five Heartbeats (feat. Vince Staples),62,114092,True,0.617,0.561,11,-12.026,1,0.235,0.901,0.00111,0.264,0.618,154.724,4,"alternative hip hop, drumless hip hop, hip hop, instrumental hip hop, west coast rap"
557,The Alchemist,The Food Villain,I Hate Everything (feat. Action Bronson),62,82133,True,0.508,0.6,11,-9.632,0,0.338,0.451,0.00043,0.357,0.337,153.022,4,"alternative hip hop, drumless hip hop, hip hop, instrumental hip hop, west coast rap"
558,The Alchemist,This Thing Of Ours,Loose Change (feat. Earl Sweatshirt),61,118398,True,0.506,0.628,9,-8.167,1,0.175,0.146,2.91e-05,0.135,0.363,86.131,4,"alternative hip hop, drumless hip hop, hip hop, instrumental hip hop, west coast rap"
559,The Alchemist,The Great Escape,Summer Reign (feat. Ty Dolla $ign),61,175626,True,0.397,0.705,3,-10.534,1,0.267,0.434,3.48e-06,0.414,0.651,153.457,4,"alternative hip hop, drumless hip hop, hip hop, instrumental hip hop, west coast rap"
560,The Alchemist,Alfredo,"Something to Rap About (feat. Tyler, The Creator)",60,282560,True,0.406,0.524,5,-11.071,1,0.255,0.469,3.95e-06,0.117,0.412,56.046,4,"alternative hip hop, drumless hip hop, hip hop, instrumental hip hop, west coast rap"
561,Ashnikko,DEMIDEVIL,Slumber Party (feat. Princess Nokia),71,178404,True,0.964,0.398,11,-8.981,0,0.0795,0.00151,3.95e-05,0.101,0.563,105.012,4,"alt z, escape room"
562,Ashnikko,DEMIDEVIL,Daisy,67,146523,True,0.834,0.663,8,-6.143,1,0.133,0.235,0.0,0.372,0.774,121.876,4,"alt z, escape room"
563,Ashnikko,"Hi, It's Me",STUPID (feat. Yung Baby Tate),64,167317,True,0.772,0.637,2,-6.881,1,0.114,0.00459,0.0,0.0778,0.54,149.906,4,"alt z, escape room"
564,Ashnikko,WEEDKILLER,Worms,60,148690,True,0.825,0.716,7,-3.236,0,0.0598,0.26,0.0,0.284,0.834,140.038,4,"alt z, escape room"
565,Ashnikko,DEMIDEVIL,Deal With It (feat. Kelis),59,191149,True,0.712,0.689,1,-5.286,0,0.128,0.141,0.0,0.657,0.49,82.98,4,"alt z, escape room"
566,Ashnikko,WEEDKILLER,You Make Me Sick!,56,138299,True,0.839,0.856,10,-3.468,0,0.159,0.0259,0.0,0.1,0.524,80.532,4,"alt z, escape room"
567,Ashnikko,WEEDKILLER,Cheerleader,58,132818,True,0.644,0.837,2,-5.962,1,0.089,0.0281,0.0,0.0416,0.311,103.03,4,"alt z, escape room"
568,Ashnikko,Daisy 2.0 (feat. Hatsune Miku),Daisy 2.0 (feat. Hatsune Miku),58,167157,True,0.773,0.627,11,-4.891,1,0.0452,0.0698,0.0,0.234,0.523,131.021,4,"alt z, escape room"
569,Ashnikko,Tantrum,Tantrum,58,140010,True,0.777,0.787,9,-4.71,1,0.0732,0.138,0.0,0.0685,0.698,138.043,4,"alt z, escape room"
570,Ashnikko,DEMIDEVIL,Cry (feat. Grimes),56,126663,True,0.679,0.801,5,-4.611,0,0.275,0.0236,0.0,0.0573,0.825,173.938,4,"alt z, escape room"
571,A,Hi-Fi Serious,Nothing,41,223266,False,0.259,0.899,2,-5.948,1,0.0793,0.000819,0.0,0.512,0.379,176.686,4,british alternative rock
572,A,Hi-Fi Serious,Starbucks,28,198333,False,0.479,0.946,4,-3.429,1,0.0966,0.000705,0.00264,0.189,0.264,74.997,4,british alternative rock
573,A,Hi-Fi Serious,Something's Going On,27,178133,False,0.41,0.982,11,-2.597,0,0.0945,0.000346,0.0,0.336,0.441,163.839,4,british alternative rock
574,A,A vs. Monkey Kong,Here We Go Again (I Love Lake Tahoe),21,237000,False,0.587,0.782,4,-3.948,1,0.0403,0.0022,0.00242,0.0629,0.383,94.908,4,british alternative rock
575,A,Hi-Fi Serious,The Distance,18,217533,False,0.291,0.987,7,-2.829,1,0.165,1.42e-05,0.000129,0.431,0.226,95.799,4,british alternative rock
576,A,A vs. Monkey Kong,Old Folks,16,235200,False,0.378,0.985,9,-1.608,1,0.0603,0.00773,0.187,0.403,0.615,163.646,4,british alternative rock
577,A,Hi-Fi Serious,Pacific Ocean Blue,15,207706,False,0.29,0.989,7,-2.318,1,0.133,0.00371,0.0,0.36,0.312,178.515,4,british alternative rock
578,A,Hi-Fi Serious,Six O' Clock on A Tube Stop,15,194160,False,0.57,0.979,7,-2.67,1,0.14,0.00266,4.25e-05,0.0846,0.324,76.011,4,british alternative rock
579,A,Hi-Fi Serious,Going Down,14,249840,False,0.551,0.858,11,-3.492,0,0.0393,0.0432,3.27e-05,0.0862,0.511,128.035,4,british alternative rock
580,A,Hi-Fi Serious,The Springs,14,268506,False,0.396,0.867,9,-4.239,1,0.0384,0.0475,0.0,0.112,0.303,156.028,4,british alternative rock
581,HARDY,the mockingbird & THE CROW,TRUCK BED,79,167534,True,0.663,0.77,0,-4.88,1,0.0371,0.0876,0.0,0.352,0.772,132.058,4,"contemporary country, modern country pop"
582,HARDY,F-1 Trillion,Hide My Gun (Feat. HARDY),73,220479,True,0.506,0.651,7,-4.993,1,0.0361,0.0351,0.0,0.248,0.338,146.141,4,"contemporary country, modern country pop"
583,HARDY,HIXTAPE: Vol. 1,ONE BEER (feat. Lauren Alaina & Devin Dawson),70,173173,False,0.516,0.745,2,-8.352,1,0.0774,0.564,0.0,0.275,0.826,186.005,4,"contemporary country, modern country pop"
584,HARDY,the mockingbird & THE CROW,wait in the truck,70,277659,False,0.542,0.464,6,-6.986,1,0.0265,0.276,0.0,0.0989,0.251,139.999,4,"contemporary country, modern country pop"
585,HARDY,A ROCK,GIVE HEAVEN SOME HELL,70,217801,False,0.639,0.839,11,-4.99,1,0.0364,0.0529,0.0,0.0854,0.528,126.057,4,"contemporary country, modern country pop"
586,HARDY,the mockingbird & THE CROW,red (feat. Morgan Wallen),69,205767,False,0.58,0.88,11,-4.581,1,0.0404,0.0302,0.0,0.0795,0.589,140.028,4,"contemporary country, modern country pop"
587,HARDY,Quit!!,PSYCHO,67,198748,True,0.631,0.897,4,-1.672,1,0.0497,0.0491,7.32e-06,0.661,0.418,123.023,4,"contemporary country, modern country pop"
588,HARDY,HIXTAPE: Vol. 1,He Went To Jared (HARDY feat. Morgan Wallen),66,213693,False,0.565,0.806,9,-5.11,0,0.0482,0.054,7.73e-06,0.204,0.683,140.084,4,"contemporary country, modern country pop"
589,HARDY,HIXTAPE: Vol. 1,"Turn You Down (HARDY feat. Morgan Wallen, Zakk Wylde)",65,154960,False,0.615,0.874,11,-3.375,1,0.104,0.0131,0.0,0.33,0.604,107.97,4,"contemporary country, modern country pop"
590,HARDY,Quit!!,SIX FEET UNDER (Caleigh’s Song),63,191437,False,0.36,0.553,2,-4.08,1,0.0295,0.146,0.0,0.322,0.425,127.83,4,"contemporary country, modern country pop"
591,Å,Åtråvärld,Gånglåt i femtakt,20,474760,False,0.323,0.765,2,-9.054,1,0.0356,0.00464,0.835,0.973,0.615,94.882,4,unknown
592,Å,Å,Joelbitar,2,493172,False,0.271,0.795,4,-5.143,0,0.0884,0.012,0.0862,0.106,0.375,180.814,4,unknown
593,Å,Ånyo,Uti vår hage,1,168320,False,0.462,0.396,11,-10.205,0,0.0405,0.368,0.000313,0.11,0.526,134.787,4,unknown
594,Å,Åtråvärld,Uttryck,1,707160,False,0.272,0.757,9,-10.587,0,0.039,0.00822,0.741,0.0863,0.47,96.652,4,unknown
595,Å,Åtråvärld,Fredmans epistel 9,1,326773,False,0.468,0.751,7,-7.892,1,0.0369,0.0644,0.0601,0.112,0.411,125.599,4,unknown
596,Å,Å,Du fria,1,329603,False,0.454,0.527,9,-8.571,1,0.0398,0.101,0.0164,0.11,0.334,136.967,4,unknown
597,Å,Å,Änglarna dansar,1,334504,False,0.301,0.335,2,-7.95,1,0.0322,0.395,0.000924,0.184,0.122,136.997,4,unknown
598,Å,Å,Soluppgung,1,382943,False,0.236,0.482,5,-8.613,1,0.0303,0.383,0.705,0.107,0.0461,76.688,4,unknown
599,Å,Åtråvärld,Transversala varelser,1,359826,False,0.339,0.535,4,-10.996,0,0.0285,0.0558,0.339,0.0847,0.242,120.97,4,unknown
600,Å,Å,Trollmors vaggsång,0,379039,False,0.361,0.47,7,-10.376,1,0.0404,0.269,0.0639,0.145,0.124,128.314,4,unknown
601,Â,Darkseid,Darkseid,18,248275,False,0.532,0.969,9,0.273,1,0.0478,0.00014,0.642,0.285,0.0789,174.052,4,unknown
602,Â,C4SH,C4SH,17,255499,False,0.864,0.704,8,-5.306,1,0.0718,0.0341,0.0114,0.0995,0.511,124.0,4,unknown
603,Â,X,Repent - VIP,9,263314,False,0.841,0.923,1,-0.19,0,0.186,0.000645,0.0759,0.101,0.341,175.045,4,unknown
604,Â,The BDP Tape Vol.1,Sacrifices Must Be Made,8,520000,False,0.777,0.5,5,-10.733,0,0.0568,0.128,0.923,0.117,0.336,126.995,4,unknown
605,Â,Growing,Feel So High,5,208327,False,0.721,0.499,11,-6.223,0,0.11,0.00998,0.0425,0.203,0.0701,174.078,4,unknown
606,Â,X,Didn't I,5,263314,False,0.497,0.954,5,-1.701,1,0.06,0.00048,0.655,0.101,0.152,174.998,4,unknown
607,Â,Growing,Public Enemy,4,221739,False,0.662,0.721,7,-6.882,1,0.147,0.00593,0.293,0.138,0.25,80.049,4,unknown
608,Â,Push The Dub,Back In The Day,3,333987,False,0.65,0.99,0,-5.309,1,0.184,0.00205,0.427,0.141,0.626,173.98,4,unknown
609,Â,Revolution,Rolling Fire - VIP,4,267428,False,0.532,0.976,1,-1.04,1,0.0606,0.000228,0.903,0.239,0.364,175.073,4,unknown
610,Â,Reworked,Bring it Down - Reworked,3,286896,False,0.47,0.902,11,-5.797,0,0.061,6.09e-05,0.606,0.425,0.186,173.983,4,unknown
611,Anitta,ÉXODO,BELLAKEO,73,197333,True,0.72,0.88,9,-2.834,1,0.101,0.0562,0.06,0.153,0.463,180.011,4,"funk pop, funk rj, pagode baiano, pop, pop nacional"
612,Anitta,Downtown,Downtown,77,193456,False,0.775,0.679,4,-4.985,0,0.135,0.18,7.26e-05,0.068,0.619,166.008,4,"funk pop, funk rj, pagode baiano, pop, pop nacional"
613,Anitta,Gata Only (Remix),Gata Only (Remix),77,230513,True,0.725,0.681,8,-5.277,0,0.0376,0.318,0.0,0.107,0.762,99.998,4,"funk pop, funk rj, pagode baiano, pop, pop nacional"
614,Anitta,GOTTI A,Alegría,67,165054,False,0.575,0.658,9,-2.34,0,0.101,0.0463,2.24e-05,0.0627,0.884,84.273,4,"funk pop, funk rj, pagode baiano, pop, pop nacional"
615,Anitta,Versions of Me,Envolver,66,193805,False,0.812,0.736,4,-5.421,0,0.0833,0.152,0.00254,0.0914,0.396,91.993,4,"funk pop, funk rj, pagode baiano, pop, pop nacional"
616,Anitta,Mi Amor (with JVKE & Anitta),Mi Amor (with JVKE & Anitta),71,139428,False,0.694,0.909,0,-4.426,1,0.039,0.257,3.4e-06,0.191,0.875,105.026,4,"funk pop, funk rj, pagode baiano, pop, pop nacional"
617,Anitta,Back for More (with Anitta),Back for More (with Anitta),69,131037,False,0.785,0.897,4,-3.447,0,0.158,0.0452,0.0,0.222,0.891,115.916,4,"funk pop, funk rj, pagode baiano, pop, pop nacional"
618,Anitta,Funk Generation,Joga Pra Lua,66,125108,False,0.903,0.951,9,-2.714,0,0.0428,0.454,0.0,0.108,0.873,133.54,4,"funk pop, funk rj, pagode baiano, pop, pop nacional"
619,Anitta,Funk Generation,Savage Funk,67,83267,True,0.89,0.682,7,-4.644,1,0.177,0.218,0.0016,0.154,0.385,130.025,4,"funk pop, funk rj, pagode baiano, pop, pop nacional"
620,Anitta,Funk Generation,Double Team,64,231628,True,0.813,0.814,8,-3.58,1,0.279,0.292,0.0,0.0827,0.49,134.969,4,"funk pop, funk rj, pagode baiano, pop, pop nacional"
621,A,Work,Work,6,206132,True,0.606,0.617,1,-6.041,1,0.494,0.338,0.0,0.0992,0.496,156.904,4,unknown
622,A,Hired Guns,Starwood Radio Promo,0,51680,False,0.647,0.57,11,-11.731,1,0.874,0.78,0.0,0.249,0.695,82.573,4,unknown
623,A,Movida Records - La Compilacion Parte 1,Hype,0,396495,False,0.802,0.914,2,-9.474,1,0.0576,0.0311,0.925,0.0642,0.499,125.981,4,unknown
624,La Arrolladora Banda El Limón De Rene Camacho,Íconos 25 Éxitos,El Final De Nuestra Historia,61,197280,False,0.736,0.499,10,-8.177,1,0.0341,0.487,0.0,0.23,0.957,114.984,4,"banda, musica mexicana, norteno"
625,La Arrolladora Banda El Limón De Rene Camacho,Ojos En Blanco,Ya Te Perdí La Fe,73,147053,False,0.755,0.5,0,-6.307,1,0.0513,0.689,1.35e-06,0.0685,0.97,149.957,4,"banda, musica mexicana, norteno"
626,La Arrolladora Banda El Limón De Rene Camacho,Más Adelante,Ya Es Muy Tarde,72,181160,False,0.738,0.588,5,-4.372,0,0.0446,0.744,2.13e-05,0.0576,0.877,107.951,4,"banda, musica mexicana, norteno"
627,La Arrolladora Banda El Limón De Rene Camacho,Gracias Por Creer,Mi Segunda Vida,73,187640,False,0.632,0.479,8,-5.577,1,0.0283,0.74,0.0,0.105,0.498,114.04,4,"banda, musica mexicana, norteno"
628,La Arrolladora Banda El Limón De Rene Camacho,Gracias Por Creer,El Ruido De Tus Zapatos,72,265880,False,0.725,0.496,3,-8.143,1,0.0292,0.395,0.000126,0.102,0.85,135.915,4,"banda, musica mexicana, norteno"
629,La Arrolladora Banda El Limón De Rene Camacho,La Otra Cara De La Moneda,Si Tu Amor No Vuelve,69,247600,False,0.728,0.408,0,-6.66,1,0.0401,0.807,1.45e-05,0.0727,0.806,124.02,4,"banda, musica mexicana, norteno"
630,La Arrolladora Banda El Limón De Rene Camacho,Calidad Y Cantidad,Entre Beso Y Beso,69,182306,False,0.863,0.641,9,-4.543,0,0.0379,0.197,0.0,0.0793,0.964,129.898,4,"banda, musica mexicana, norteno"
631,La Arrolladora Banda El Limón De Rene Camacho,Para Ti Exclusivo (En Vivo Desde Arandas Jalisco),De Ti Exclusivo,55,196360,False,0.665,0.463,7,-7.068,1,0.0412,0.704,1.53e-05,0.104,0.786,124.996,4,"banda, musica mexicana, norteno"
632,La Arrolladora Banda El Limón De Rene Camacho,Más Adelante,Te Estaré Esperando,68,244106,False,0.693,0.619,2,-4.955,1,0.0373,0.667,0.0,0.12,0.783,117.934,4,"banda, musica mexicana, norteno"
633,La Arrolladora Banda El Limón De Rene Camacho,Todo Depende De Ti,Ya No Te Buscaré,69,191066,False,0.703,0.566,0,-5.931,1,0.0274,0.267,0.000102,0.163,0.824,129.919,4,"banda, musica mexicana, norteno"
634,a,Countryside (Instrumental Version),Countryside - Instrumental Version,15,79719,False,0.455,0.751,7,-12.193,1,0.0487,0.515,0.945,0.0972,0.441,200.055,4,unknown
635,A$AP Ferg,Floor Seats,"Dreams, Fairytales, Fantasies (feat. Brent Faiyaz & Salaam Remi)",77,222986,True,0.737,0.597,7,-7.333,1,0.119,0.292,0.0,0.13,0.449,92.049,4,"hip hop, pop rap, rap, southern hip hop, trap"
636,A$AP Ferg,King Of The Mischievous South Vol. 2,HOT ONE (with TiaCorine & A$AP Ferg),69,165280,True,0.788,0.715,5,-5.211,1,0.119,0.698,0.0,0.152,0.819,81.523,4,"hip hop, pop rap, rap, southern hip hop, trap"
637,A$AP Ferg,Still Striving,Plain Jane,70,173600,True,0.797,0.844,11,-5.482,1,0.275,0.0651,0.0,0.087,0.52,170.142,4,"hip hop, pop rap, rap, southern hip hop, trap"
638,A$AP Ferg,Plain Jane REMIX (feat. Nicki Minaj),Plain Jane REMIX (feat. Nicki Minaj),67,202636,True,0.791,0.839,11,-4.284,1,0.266,0.0588,6.26e-05,0.259,0.383,170.113,4,"hip hop, pop rap, rap, southern hip hop, trap"
639,A$AP Ferg,Trap Lord,"Work REMIX (feat. A$AP Rocky, French Montana, Trinidad James & ScHoolboy Q)",64,283693,True,0.841,0.733,1,-5.077,1,0.142,0.0246,0.0,0.174,0.284,130.009,4,"hip hop, pop rap, rap, southern hip hop, trap"
640,A$AP Ferg,Road to CASABLANCO.,SILVER TOOTH. (with A$AP Ferg),61,142560,True,0.957,0.785,1,-5.832,1,0.232,0.146,1.17e-06,0.0361,0.886,103.025,4,"hip hop, pop rap, rap, southern hip hop, trap"
641,A$AP Ferg,ALWAYS STRIVE AND PROSPER,New Level (feat. Future),54,264973,True,0.734,0.703,1,-1.69,0,0.132,0.0344,0.0,0.162,0.152,121.08,4,"hip hop, pop rap, rap, southern hip hop, trap"
642,A$AP Ferg,Creed II: The Album,"Runnin (with A$AP Rocky, A$AP Ferg & Nicki Minaj)",59,131674,True,0.545,0.975,10,-3.193,0,0.454,0.17,0.0,0.145,0.609,123.906,4,"hip hop, pop rap, rap, southern hip hop, trap"
643,A$AP Ferg,Trap Lord,Shabba (feat. A$AP Rocky),59,275866,True,0.869,0.712,9,-6.136,1,0.103,0.0715,0.0,0.272,0.435,120.0,4,"hip hop, pop rap, rap, southern hip hop, trap"
644,A$AP Ferg,Floor Seats,WAM,57,157586,True,0.838,0.624,1,-4.557,0,0.228,0.0624,0.0,0.217,0.117,95.937,4,"hip hop, pop rap, rap, southern hip hop, trap"
645,A,Burnout,Burnout,7,128052,True,0.756,0.47,2,-11.275,0,0.0801,0.257,0.0,0.271,0.528,107.074,4,unknown
646,A,Candles and Wine,Candles and Wine,0,205165,True,0.84,0.447,3,-7.909,0,0.216,0.0734,0.000249,0.114,0.239,150.051,4,unknown
647,Ayra Starr,Santa,Santa,84,193038,False,0.725,0.709,3,-5.017,0,0.129,0.321,0.000189,0.114,0.648,99.993,4,afrobeats
648,Ayra Starr,19 & Dangerous (Deluxe),Rush,72,185093,False,0.792,0.503,1,-8.044,1,0.0626,0.0369,0.00057,0.0959,0.381,99.97,4,afrobeats
649,Ayra Starr,The Year I Turned 21,Last Heartbreak Song (feat. Giveon),75,149677,False,0.685,0.624,0,-5.101,1,0.235,0.318,0.0,0.107,0.618,89.972,4,afrobeats
650,Ayra Starr,The Year I Turned 21,Commas,73,157089,False,0.779,0.628,1,-5.231,1,0.0433,0.0351,5.33e-05,0.351,0.617,100.028,4,afrobeats
651,Ayra Starr,The Year I Turned 21,Bad Vibes (feat. Seyi Vibez),67,168406,False,0.695,0.664,1,-5.569,0,0.128,0.262,0.0,0.276,0.807,96.029,4,afrobeats
652,Ayra Starr,People (Remixes),People (feat. Ayra Starr & Omah Lay),69,184633,True,0.559,0.453,10,-8.746,0,0.0684,0.592,1.23e-05,0.0909,0.622,123.906,4,afrobeats
653,Ayra Starr,Trench to Triumph,Ngozi,67,221217,False,0.58,0.594,6,-7.229,1,0.317,0.162,0.0,0.101,0.52,114.748,4,afrobeats
654,Ayra Starr,NI,No love,65,202186,True,0.668,0.436,8,-7.932,0,0.391,0.174,0.0,0.0951,0.363,80.431,4,afrobeats
655,Ayra Starr,Hypé (feat. Ayra Starr),Hypé (feat. Ayra Starr),65,157402,False,0.705,0.595,5,-8.411,0,0.161,0.027,0.0,0.0811,0.357,175.909,4,afrobeats
656,Ayra Starr,PINACOLADA,PINACOLADA,65,177847,False,0.669,0.811,4,-6.699,0,0.193,0.123,1.48e-06,0.0582,0.652,197.896,4,afrobeats
657,Alok,Deep Down (feat. Never Dull),Deep Down (feat. Never Dull),81,165752,False,0.687,0.818,0,-4.221,1,0.0778,0.0112,0.0,0.248,0.886,125.952,4,"electro house, pop nacional, slap house"
658,Alok,LET'S GET FKD UP (feat. Tribbs),LET'S GET FKD UP,79,121500,True,0.65,0.946,10,-5.454,1,0.0421,0.00191,0.127,0.149,0.425,160.027,4,"electro house, pop nacional, slap house"
659,Alok,Jungle,Jungle,75,175500,False,0.596,0.667,6,-5.651,0,0.0295,0.0524,0.000109,0.205,0.217,140.002,4,"electro house, pop nacional, slap house"
660,Alok,Hear Me Now (feat. Zeeba),Hear Me Now,74,194840,False,0.778,0.463,11,-7.603,1,0.0389,0.546,0.00289,0.0731,0.496,121.999,4,"electro house, pop nacional, slap house"
661,Alok,Car Keys (Ayla),Car Keys (Ayla),74,147211,False,0.719,0.959,9,-5.29,0,0.125,0.341,0.0,0.255,0.522,126.031,4,"electro house, pop nacional, slap house"
662,Alok,Boiadeira Internacional (Ao Vivo),Lua,68,206538,False,0.667,0.838,11,-4.036,0,0.0412,0.307,1.18e-05,0.224,0.34,130.009,4,"electro house, pop nacional, slap house"
663,Alok,Summer's Back,Summer's Back,73,147619,False,0.703,0.914,7,-4.75,1,0.127,0.000642,0.0221,0.36,0.863,126.028,4,"electro house, pop nacional, slap house"
664,Alok,Deep In Your Love,Deep In Your Love,73,144648,False,0.588,0.88,7,-5.15,1,0.0354,0.0243,6.89e-05,0.0667,0.523,130.085,4,"electro house, pop nacional, slap house"
665,Alok,Piece Of Your Heart (Alok Remix),Piece Of Your Heart - Alok Remix,71,166451,False,0.797,0.86,10,-4.38,0,0.0413,0.0312,0.0137,0.334,0.192,124.033,4,"electro house, pop nacional, slap house"
666,Alok,Headlights (feat. KIDDO),Headlights (feat. KIDDO),68,158400,False,0.626,0.754,2,-6.217,0,0.0269,0.00998,0.00404,0.157,0.317,100.015,4,"electro house, pop nacional, slap house"
667,A,The Best of Jimmy Roselli,A Tazza ‘E Cafe,6,148506,False,0.537,0.456,10,-13.638,1,0.112,0.955,0.000268,0.634,0.684,129.032,4,unknown
668,a,Durgamma Songs,Podiseti Poddulona Mahankali,33,291758,False,0.769,0.972,9,-4.044,1,0.126,0.334,0.0,0.0587,0.655,94.987,4,unknown
669,a,Bathukamma Hit Songs,Telu Vijaya Bathukamma,27,261234,False,0.439,0.946,1,-3.097,1,0.408,0.548,4.03e-05,0.108,0.645,78.889,4,unknown
670,a,Durga Devi Special Songs,Amma Durgamma Thalli,25,299559,False,0.768,0.708,10,-8.796,1,0.0402,0.412,0.0,0.307,0.89,105.995,4,unknown
671,a,Durgamma Songs,Durgamma,24,281959,False,0.807,0.827,0,-3.813,0,0.105,0.559,0.0,0.365,0.859,105.033,4,unknown
672,a,Durgamma Songs,Vepa Chettuku Uyyala,24,419279,False,0.686,0.993,0,-2.014,0,0.213,0.338,0.000109,0.12,0.422,82.469,4,unknown
673,a,Durgamma Songs,Dayagala Thallivi Neevammo,22,261877,False,0.679,0.938,9,-1.966,1,0.226,0.0383,0.0,0.138,0.562,112.677,4,unknown
674,a,Durgamma Songs,Maa Inti Thalli,19,316199,False,0.551,0.97,6,0.009,0,0.123,0.179,0.0,0.204,0.44,140.047,4,unknown
675,a,Durgamma Songs,Dandalu Dandalu Thalli,18,294704,False,0.771,0.88,7,-3.508,1,0.137,0.0849,2.39e-06,0.114,0.669,79.996,4,unknown
676,a,Durgamma Songs,Puli Neeku Vahanamai,18,281079,False,0.807,0.87,0,-3.602,0,0.15,0.529,0.0,0.124,0.824,105.022,4,unknown
677,a,Durgamma Songs,Pattu Cheera Pattu Raika,5,262143,False,0.617,0.965,8,-3.786,1,0.158,0.0738,0.0,0.276,0.88,150.06,4,unknown
678,Aaron May,CHASE,Let Go,77,176531,True,0.87,0.498,9,-8.339,0,0.0622,0.046,0.0,0.146,0.692,110.017,4,conscious hip hop
679,Aaron May,CHASE,"I'm Good Luv, Enjoy.",77,134547,True,0.891,0.586,11,-4.665,1,0.121,0.0833,0.0,0.213,0.954,130.012,4,conscious hip hop
680,Aaron May,CHASE,Cream,67,113555,True,0.87,0.37,1,-6.143,1,0.393,0.12,0.0,0.117,0.747,169.927,4,conscious hip hop
681,Aaron May,Ride,Ride,67,190605,True,0.677,0.497,10,-8.064,0,0.303,0.365,3.63e-05,0.12,0.46,172.164,4,conscious hip hop
682,Aaron May,No Recognition,No Recognition,65,147441,True,0.717,0.454,2,-10.401,1,0.155,0.19,0.0,0.134,0.75,118.566,4,conscious hip hop
683,Aaron May,CHASE,Make It,64,77374,True,0.589,0.0941,10,-14.447,0,0.138,0.985,8.55e-06,0.108,0.376,91.987,4,conscious hip hop
684,Aaron May,CHASE,In Love,62,232510,True,0.718,0.474,1,-6.572,0,0.093,0.648,0.0,0.13,0.319,74.942,4,conscious hip hop
685,Aaron May,Summer 19',Chains,61,150278,True,0.964,0.376,0,-5.996,1,0.328,0.462,1.59e-06,0.102,0.68,122.112,4,conscious hip hop
686,Aaron May,CHASE,Dreams,60,162213,True,0.847,0.509,10,-4.316,0,0.237,0.242,0.0,0.105,0.882,77.017,4,conscious hip hop
687,Aaron May,WOKEUPTHINKINBOUT / HIDDEN VOICES,HIDDEN VOICES,58,150928,True,0.749,0.531,11,-10.854,0,0.0736,0.775,0.0114,0.116,0.88,140.002,4,conscious hip hop
688,A,Stóra barnaplatan 2,Við eigum hvorn annar að,0,215899,False,0.622,0.315,5,-10.767,1,0.0329,0.486,0.0,0.151,0.634,119.973,4,unknown
689,A,Maine Unko Sajan Chun Liya,Dil Se Jekra Ke Chahee,19,199865,False,0.454,0.823,6,-4.938,0,0.0659,0.547,7.79e-06,0.488,0.823,172.048,4,unknown
690,A,Ljóstillífun,Kontrast,0,375277,False,0.599,0.535,1,-17.004,0,0.0453,0.92,0.936,0.0797,0.561,110.014,4,unknown
691,A,Sholay Title Music - Recreated,Sholay Title Music - Recreated,5,174837,False,0.541,0.805,7,-5.903,1,0.0336,0.0224,0.569,0.245,0.795,94.944,4,unknown
692,A,Away,Away,4,306545,False,0.333,0.363,4,-15.557,0,0.0678,0.309,0.117,0.23,0.124,146.621,4,unknown
693,A,BACHATA Mix Dubai 2012,Amarte siempre - Bachata,0,204405,False,0.898,0.518,8,-8.508,1,0.0417,0.036,0.000273,0.0583,0.913,130.197,4,unknown
694,A,Suanda History Vol. 2,Severity,0,460592,False,0.546,0.971,7,-4.899,1,0.0925,0.00343,0.582,0.337,0.159,136.029,4,unknown
695,A,Jai Gajmukhdhari Namo Namaha,Jai Gajmukhdhari Namo Namaha,2,173984,False,0.606,0.84,1,-4.159,1,0.172,0.349,4.87e-05,0.291,0.594,179.812,4,unknown
696,A,WARUGAKI G COLLECTION VOL.1,NEXT DOOR (prod by GUCHI),1,365800,True,0.674,0.645,1,-6.85,1,0.0797,0.0495,0.0,0.12,0.435,90.024,4,unknown
697,A,Ljóstillífun,Þekja,0,284731,False,0.669,0.266,0,-21.602,0,0.0571,0.838,0.905,0.156,0.164,109.971,4,unknown
698,A,African Groove,African Groove,14,360513,True,0.931,0.788,11,-8.007,0,0.0834,0.0082,0.000408,0.14,0.332,126.021,4,unknown
699,Anne-Marie,Baby Don't Hurt Me,Baby Don't Hurt Me,85,140017,False,0.602,0.91,7,-3.404,1,0.0308,0.00126,0.000174,0.12,0.228,127.944,4,pop
700,Anne-Marie,Rewrite The Stars (with James Arthur & Anne-Marie),Rewrite The Stars (with James Arthur & Anne-Marie),78,218293,False,0.67,0.743,10,-4.993,1,0.0393,0.237,0.0,0.465,0.571,125.944,4,pop
701,Anne-Marie,Speak Your Mind (Deluxe),2002,78,186986,False,0.697,0.683,1,-2.881,0,0.117,0.0372,0.0,0.137,0.603,96.133,4,pop
702,Anne-Marie,Cry Baby,Cry Baby,76,157086,False,0.664,0.762,1,-4.286,1,0.104,0.333,1.26e-06,0.177,0.576,118.979,4,pop
703,Anne-Marie,FRIENDS,FRIENDS,75,202620,True,0.626,0.88,9,-2.384,0,0.0504,0.205,0.0,0.128,0.534,95.079,4,pop
704,Anne-Marie,UNHEALTHY (Deluxe),UNHEALTHY (feat. Shania Twain),63,149653,False,0.621,0.66,11,-6.208,0,0.0366,0.00526,0.0,0.072,0.407,119.937,4,pop
705,Anne-Marie,Therapy,Our Song,60,163733,False,0.572,0.759,2,-4.312,1,0.0506,0.127,0.0,0.224,0.519,80.95,4,pop
706,Anne-Marie,Speak Your Mind (Deluxe),Ciao Adios,63,199773,False,0.694,0.853,7,-3.986,1,0.0934,0.136,0.0,0.322,0.501,106.098,4,pop
707,Anne-Marie,~how i'm feeling~,"fuck, i'm lonely",64,198973,True,0.809,0.547,9,-7.305,1,0.0614,0.452,0.0,0.054,0.718,94.992,4,pop
708,Anne-Marie,UNHEALTHY (Deluxe),PSYCHO,54,162666,True,0.506,0.666,9,-4.999,1,0.372,0.014,0.0,0.0271,0.69,81.749,4,pop
709,A,Best Of Debabrata Biswas - Vol - 2,Tora Je Ja Bolish Bhai,0,158766,False,0.608,0.262,11,-12.656,1,0.111,0.988,0.00121,0.248,0.885,157.919,4,unknown
710,A,Best Of Debabrata Biswas - Vol - 2,Baro Asha Kore Esechhi Go,1,157936,False,0.473,0.18,3,-15.663,1,0.0565,0.989,0.691,0.112,0.665,69.951,4,unknown
711,A,Best Of Debabrata Biswas - Vol - 2,Purano Sei Diner Katha,1,184162,False,0.544,0.247,0,-13.946,1,0.0315,0.989,0.27,0.111,0.658,101.628,4,unknown
712,A,Best Of Debabrata Biswas - Vol - 2,Akash Bhara Surja Tara,0,171741,False,0.384,0.14,9,-13.839,1,0.035,0.995,0.00308,0.11,0.337,136.531,4,unknown
713,A,Best Of Debabrata Biswas - Vol - 2,Eso Go Jwele Diye Jao,1,185447,False,0.463,0.271,11,-14.507,1,0.0416,0.995,0.821,0.129,0.564,89.981,4,unknown
714,A,Best Of Debabrata Biswas - Vol - 2,Aaji Jato Tara Tabo Akashe,0,167808,False,0.612,0.335,2,-9.822,1,0.0283,0.968,6.32e-05,0.138,0.677,99.276,4,unknown
715,A,Best Of Debabrata Biswas - Vol - 2,Ja Peyechhi Pratham Dine,0,178304,False,0.217,0.321,10,-11.347,0,0.0389,0.966,0.00513,0.0947,0.192,74.507,4,unknown
716,A,Usha Mangeshkar Marathi Film & Modern Songs Vol 2,Nako Sajni Ga,6,227533,False,0.562,0.692,9,-6.621,0,0.0779,0.871,0.000358,0.235,0.838,97.412,4,unknown
717,A,Best Of Debabrata Biswas - Vol - 2,Sakarun Benu Bajaye Ke jay,0,167422,False,0.394,0.23,1,-12.766,0,0.044,0.946,2.27e-05,0.0881,0.294,146.256,4,unknown
718,A,Best Of Debabrata Biswas - Vol - 2,Rimiki Jhimiki Jhare,0,188073,False,0.523,0.255,10,-11.42,1,0.03,0.956,3.33e-06,0.0507,0.545,102.002,4,unknown
719,Andrew Underberg,Poison (Hazbin Hotel Original Soundtrack),Poison - Hazbin Hotel Original Soundtrack,72,127689,False,0.659,0.783,8,-5.015,1,0.0562,0.0207,0.0,0.0959,0.462,74.983,4,unknown
720,Andrew Underberg,Hazbin Hotel (Original Soundtrack),"Loser, Baby",72,175113,True,0.483,0.528,4,-6.177,1,0.0967,0.497,0.0,0.129,0.628,88.064,4,unknown
721,Andrew Underberg,Hazbin Hotel (Original Soundtrack),Hell’s Greatest Dad,70,133717,False,0.679,0.827,7,-4.583,1,0.187,0.139,0.0,0.233,0.922,120.07,4,unknown
722,Andrew Underberg,Hazbin Hotel (Original Soundtrack),Stayed Gone,70,180475,True,0.382,0.836,9,-5.661,0,0.403,0.0725,0.0,0.23,0.444,201.776,4,unknown
723,Andrew Underberg,Hazbin Hotel (Original Soundtrack),Hell Is Forever,69,140653,True,0.695,0.796,0,-4.522,1,0.0876,0.213,0.0,0.498,0.937,137.969,4,unknown
724,Andrew Underberg,Hazbin Hotel (Original Soundtrack),Respectless,69,95682,True,0.556,0.828,1,-3.888,0,0.315,0.0877,0.0,0.243,0.695,100.957,4,unknown
725,Andrew Underberg,Hazbin Hotel (Original Soundtrack),Out For Love,69,90305,False,0.764,0.875,9,-4.812,0,0.165,0.0249,0.0,0.218,0.968,125.166,4,unknown
726,Andrew Underberg,Hazbin Hotel (Original Soundtrack),You Didn’t Know,68,188677,True,0.507,0.691,4,-5.513,1,0.192,0.384,0.0,0.0857,0.621,145.917,4,unknown
727,Andrew Underberg,Hazbin Hotel (Original Soundtrack),More Than Anything,66,193235,False,0.494,0.454,6,-7.548,1,0.0347,0.669,0.0,0.282,0.242,130.628,4,unknown
728,Andrew Underberg,Hazbin Hotel (Original Soundtrack),Finale,65,230580,True,0.472,0.673,8,-5.515,1,0.0637,0.291,0.0,0.05,0.321,132.57,4,unknown
729,A,Geeked,Geeked,0,70844,True,0.899,0.4,0,-8.924,1,0.238,0.00858,0.0,0.112,0.127,140.036,4,unknown
730,A,Yu & I,Yu & I,0,111725,True,0.664,0.506,1,-8.27,1,0.0424,0.00336,0.0,0.143,0.152,76.542,4,unknown
731,A,Tukaram,Ladki Sun Mazhi,17,54860,False,0.85,0.146,6,-18.18,1,0.534,0.965,0.0,0.553,0.785,106.467,4,unknown
732,A,For Jer,For Jer,13,197973,False,0.657,0.642,1,-8.862,1,0.377,0.109,0.0,0.184,0.74,100.101,4,unknown
733,A,Photocopy,PhotoCopy Theme,4,68112,False,0.798,0.594,8,-6.564,1,0.169,0.00742,0.167,0.11,0.642,176.038,4,unknown
734,Anirudh Ravichander,Jawan,Chaleya,74,200373,False,0.575,0.845,0,-5.28,1,0.0852,0.393,0.0107,0.131,0.439,95.047,4,"desi hip hop, filmi, tamil hip hop"
735,Anirudh Ravichander,"Chuttamalle (From ""Devara Part 1"")","Chuttamalle (From ""Devara Part 1"")",76,222063,False,0.677,0.623,4,-7.404,1,0.0797,0.136,5.24e-06,0.161,0.616,145.56,4,"desi hip hop, filmi, tamil hip hop"
736,Anirudh Ravichander,Indian 2 (Original Motion Picture Soundtrack),Kadharalz,71,234023,False,0.671,0.902,1,-5.411,1,0.298,0.0638,0.00466,0.539,0.735,160.025,4,"desi hip hop, filmi, tamil hip hop"
737,Anirudh Ravichander,"Fear Song (From ""Devara Part 1"") [Telugu]","Fear Song (From ""Devara Part 1"") [Telugu]",71,195064,False,0.642,0.897,1,-6.24,1,0.181,0.0807,0.00651,0.118,0.442,180.093,4,"desi hip hop, filmi, tamil hip hop"
738,Anirudh Ravichander,Jailer (Original Motion Picture Soundtrack),Hukum - Thalaivar Alappara,64,207647,False,0.723,0.892,2,-5.758,1,0.164,0.102,0.0,0.146,0.533,101.996,4,"desi hip hop, filmi, tamil hip hop"
739,Anirudh Ravichander,Leo (Original Motion Picture Soundtrack),Naa Ready,59,248181,False,0.726,0.805,1,-5.576,1,0.153,0.081,0.00784,0.0318,0.572,87.956,4,"desi hip hop, filmi, tamil hip hop"
740,Anirudh Ravichander,"Yaanji (From ""Vikram Vedha"")","Yaanji - From ""Vikram Vedha""",68,270375,False,0.692,0.624,9,-6.492,0,0.0337,0.368,0.0,0.108,0.487,132.896,4,"desi hip hop, filmi, tamil hip hop"
741,Anirudh Ravichander,Leo (Original Motion Picture Soundtrack),Badass,57,229677,False,0.623,0.872,6,-5.192,1,0.0817,0.00735,0.0,0.378,0.545,93.019,4,"desi hip hop, filmi, tamil hip hop"
742,Anirudh Ravichander,"Kannamma (From ""Ispade Rajavum Idhaya Raniyum"")","Kannamma - From ""Ispade Rajavum Idhaya Raniyum""",67,256945,False,0.729,0.695,1,-8.524,1,0.0312,0.522,0.000621,0.113,0.599,127.992,4,"desi hip hop, filmi, tamil hip hop"
743,Anirudh Ravichander,"Hayyoda (From ""Jawan"")","Hayyoda (From ""Jawan"")",67,200142,False,0.576,0.841,0,-5.428,1,0.0773,0.497,0.00559,0.178,0.457,95.149,4,"desi hip hop, filmi, tamil hip hop"
744,Wolfgang Amadeus Mozart,"Mozart: Requiem / Exultate, Jubilate / Laudate Dominum","Requiem in D Minor, K. 626: Sequence: VI. Lacrimosa dies illa",58,199840,False,0.069,0.101,2,-23.487,0,0.0407,0.961,0.795,0.444,0.0707,74.782,4,"classical, classical era"
745,Wolfgang Amadeus Mozart,"Mozart: Piano Sonata No. 16 in C Major, K. 545 ""Sonata facile""","Piano Sonata No. 16 in C Major, K. 545 ""Sonata facile"": I. Allegro",54,291666,False,0.315,0.248,0,-20.874,1,0.0385,0.982,0.913,0.113,0.66,120.286,4,"classical, classical era"
746,Wolfgang Amadeus Mozart,"Mozart: Piano Concertos, Vol. 6","Piano Concerto No. 21 in C Major, K. 467: II. Andante",61,433666,False,0.137,0.0311,5,-28.208,1,0.0381,0.982,0.972,0.0908,0.063,179.223,4,"classical, classical era"
747,Wolfgang Amadeus Mozart,"Mozart, W.A.: The Wind Concertos / Serenades / Divertimenti","Serenade in B-Flat Major, K. 361 ""Gran Partita"": III. Adagio",58,330000,False,0.171,0.037,3,-25.191,1,0.0409,0.991,0.898,0.123,0.037,67.89,4,"classical, classical era"
748,Wolfgang Amadeus Mozart,Mozart,"Mozart: Fantasia in D Minor, K. 397",51,319973,False,0.384,0.0494,2,-25.316,1,0.0548,0.994,0.908,0.0958,0.0785,125.261,4,"classical, classical era"
749,Wolfgang Amadeus Mozart,Amadeus,"Symphony No. 25 in G Minor, K. 183: I. Allegro con brio",57,460026,False,0.428,0.237,7,-13.764,0,0.0351,0.987,0.896,0.0849,0.357,79.904,4,"classical, classical era"
750,Wolfgang Amadeus Mozart,Mozart: Requiem Realisations,"Requiem, K. 626: Lacrimosa",57,169666,False,0.162,0.0898,2,-23.269,0,0.0354,0.944,0.917,0.187,0.0413,132.047,4,"classical, classical era"
751,Wolfgang Amadeus Mozart,MozartReworked,"Ave verum corpus, K.618 (Arr. for Piano by Franz Liszt)",57,195000,False,0.435,0.00354,11,-39.482,1,0.0485,0.986,0.909,0.096,0.179,68.542,4,"classical, classical era"
752,Wolfgang Amadeus Mozart,"Mozart: Flute Concerto No. 1, K. 313 - Flute and Harp Concerto, K. 299 & Clarinet Concerto, K. 622","Mozart: Clarinet Concerto in A Major, K. 622: II. Adagio",49,394560,False,0.15,0.0115,2,-26.636,1,0.0425,0.976,0.191,0.0836,0.0955,101.769,4,"classical, classical era"
753,Wolfgang Amadeus Mozart,Mozart: Works for Violin & Orchestra,"Adagio in E Major, K. 261",56,517360,False,0.194,0.079,4,-21.389,1,0.0425,0.969,0.498,0.126,0.082,100.309,4,"classical, classical era"
754,A,Lucky Stairs,Max Explain,0,345694,False,0.458,0.973,8,-2.494,1,0.127,0.000562,0.272,0.253,0.252,156.992,4,unknown
755,A,Lucky Stairs,Sickness From Fitting In,0,247790,False,0.389,0.915,0,-2.91,1,0.0533,0.0804,0.706,0.21,0.649,166.014,4,unknown
756,A,Lucky Stairs,Born Lacking,0,159349,False,0.364,0.869,7,-4.326,0,0.0536,0.255,0.00401,0.0947,0.337,159.04,4,unknown
757,A,Lucky Stairs,Gifts and Curses,0,266451,False,0.446,0.886,0,-5.572,0,0.0537,0.0527,0.91,0.182,0.0627,166.97,4,unknown
758,A,Lucky Stairs,Punished or Banished,0,198002,False,0.364,0.996,5,-0.569,0,0.13,0.00028,5.41e-05,0.107,0.144,149.037,4,unknown
759,A,Lucky Stairs,Bad Feeling Now Good Feeling Later,0,307407,False,0.407,0.998,0,-0.347,1,0.0696,0.167,0.116,0.0972,0.459,145.031,4,unknown
760,A,Lucky Stairs,Commentary Community,0,278236,False,0.488,0.82,2,-5.189,1,0.0942,0.00526,0.897,0.629,0.255,77.499,4,unknown
761,A,Greetings to Planet Earth,Severence package all in 1,0,140347,False,0.27,0.683,1,-3.131,1,0.0424,0.000425,8.2e-05,0.194,0.04,174.908,4,unknown
762,A,Lucky Stairs,Friendly Fired,0,292507,False,0.263,0.959,4,-1.28,0,0.0577,0.142,1.05e-05,0.134,0.0623,156.222,4,unknown
763,A,Lucky Stairs,Low IQ W,0,272793,False,0.432,0.996,10,-0.47,0,0.182,0.143,0.951,0.131,0.0386,125.018,4,unknown
764,Ne-Yo,Planet Pit (Deluxe Version),Give Me Everything (feat. Nayer),86,252306,False,0.671,0.939,8,-3.206,1,0.161,0.191,0.0,0.298,0.53,129.024,4,"dance pop, pop, r&b, urban contemporary"
765,Ne-Yo,Globalization,Time of Our Lives,84,229360,True,0.721,0.802,1,-5.797,1,0.0583,0.0921,0.0,0.694,0.724,124.022,4,"dance pop, pop, r&b, urban contemporary"
766,Ne-Yo,In My Own Words,So Sick,78,207186,False,0.452,0.574,6,-8.336,1,0.311,0.245,0.0,0.189,0.578,92.795,4,"dance pop, pop, r&b, urban contemporary"
767,Ne-Yo,Year Of The Gentleman (Bonus Track Edition),Miss Independent,77,232000,False,0.673,0.681,1,-5.693,1,0.118,0.52,0.0,0.235,0.707,171.864,4,"dance pop, pop, r&b, urban contemporary"
768,Ne-Yo,Because Of You,Because Of You,75,266840,False,0.81,0.538,0,-5.783,0,0.0357,0.53,0.0,0.0951,0.832,109.97,4,"dance pop, pop, r&b, urban contemporary"
769,Ne-Yo,Year Of The Gentleman (Bonus Track Edition),Closer,66,234360,False,0.711,0.754,4,-6.461,0,0.0763,0.028,2.96e-05,0.152,0.59,126.05,4,"dance pop, pop, r&b, urban contemporary"
770,Ne-Yo,Non-Fiction (Deluxe),She Knows,67,214725,True,0.705,0.572,8,-5.799,0,0.0326,0.0262,0.0,0.585,0.574,139.977,4,"dance pop, pop, r&b, urban contemporary"
771,Ne-Yo,In My Own Words,Sexy Love,71,220853,False,0.693,0.513,8,-6.447,1,0.0415,0.296,0.00013,0.0604,0.49,94.021,4,"dance pop, pop, r&b, urban contemporary"
772,Ne-Yo,Year Of The Gentleman (Bonus Track Edition),Mad,70,254533,False,0.727,0.65,0,-5.357,1,0.0337,0.662,0.0,0.111,0.668,129.993,4,"dance pop, pop, r&b, urban contemporary"
773,Ne-Yo,R.E.D. (Deluxe Edition),Let Me Love You (Until You Learn To Love Yourself),68,251626,False,0.657,0.676,5,-6.633,1,0.0393,0.245,0.0,0.368,0.246,124.904,4,"dance pop, pop, r&b, urban contemporary"
774,a,H3LLB3NT,Too Fast,0,187936,True,0.747,0.467,2,-8.853,0,0.372,0.0966,0.0,0.069,0.595,161.487,4,unknown
775,Alesso,Motion,Under Control (feat. Hurts),78,184280,False,0.544,0.915,8,-3.405,1,0.0841,0.129,0.000914,0.115,0.51,126.094,4,"dance pop, edm, pop, pop dance, progressive electro house"
776,Alesso,I Like It (with Nate Smith),I Like It (with Nate Smith),78,152349,False,0.658,0.817,11,-3.652,0,0.0373,0.000266,0.000101,0.259,0.629,129.075,4,"dance pop, edm, pop, pop dance, progressive electro house"
777,Alesso,Words (feat. Zara Larsson),Words (feat. Zara Larsson),77,142677,False,0.739,0.586,10,-5.079,0,0.0472,0.0245,0.000252,0.308,0.444,124.026,4,"dance pop, edm, pop, pop dance, progressive electro house"
778,Alesso,Forever,Heroes (we could be),71,210013,False,0.503,0.748,5,-4.124,1,0.0619,0.0305,0.0,0.343,0.356,125.896,4,"dance pop, edm, pop, pop dance, progressive electro house"
779,Alesso,"Let Me Go (with Alesso, Florida Georgia Line & watt)","Let Me Go (with Alesso, Florida Georgia Line & watt)",72,174800,False,0.664,0.708,8,-4.154,1,0.0474,0.0337,0.0,0.0841,0.742,103.07,4,"dance pop, edm, pop, pop dance, progressive electro house"
780,Alesso,Native,If I Lose Myself - Alesso vs OneRepublic,60,214813,False,0.522,0.782,2,-4.846,1,0.0412,0.216,1.08e-05,0.133,0.169,125.994,4,"dance pop, edm, pop, pop dance, progressive electro house"
781,Alesso,When I’m Gone (with Katy Perry),When I’m Gone (with Katy Perry),68,161266,False,0.685,0.886,0,-4.179,1,0.034,0.028,0.0,0.481,0.615,125.034,4,"dance pop, edm, pop, pop dance, progressive electro house"
782,Alesso,EDM Hits,Calling (Lose My Mind) - Radio Edit,56,205440,False,0.416,0.85,1,-4.91,0,0.0455,0.00849,0.000175,0.204,0.142,125.096,4,"dance pop, edm, pop, pop dance, progressive electro house"
783,Alesso,Going Dumb,Going Dumb (with Stray Kids),61,169506,False,0.834,0.652,6,-4.855,0,0.0592,0.151,0.0,0.148,0.482,121.976,4,"dance pop, edm, pop, pop dance, progressive electro house"
784,Alesso,REMEDY,REMEDY,61,190295,False,0.601,0.777,0,-4.612,1,0.0471,0.269,0.0,0.0883,0.485,119.963,4,"dance pop, edm, pop, pop dance, progressive electro house"
785,A,V olume 2,Will You Still Love Me Tomorrow - Bachata,9,196310,False,0.802,0.49,10,-9.708,1,0.0316,0.0232,0.0146,0.354,0.71,133.025,4,unknown
786,A,Volume One,California Dreamin',0,132571,False,0.535,0.686,9,-10.074,0,0.0387,0.128,0.0,0.191,0.815,131.237,4,unknown
787,A,V olume 2,Sunshine of Your Love - New Arrangement,0,251167,False,0.771,0.483,2,-6.337,1,0.0323,0.118,0.000213,0.115,0.823,118.029,4,unknown
788,A,Volume One,"Quizás, Quizás",0,158772,False,0.64,0.66,0,-10.926,1,0.0275,0.258,0.000564,0.359,0.9,128.701,4,unknown
789,A,Volume One,Till There was You,0,155062,False,0.702,0.609,5,-10.992,1,0.0283,0.288,2.43e-06,0.106,0.568,117.637,4,unknown
790,A,Volume One,The Girl from Ocean Drive,0,227604,False,0.718,0.451,7,-11.366,1,0.0635,0.0215,0.0,0.107,0.746,125.021,4,unknown
791,A,V olume 2,Dos y Dos Son Cuatro,0,243983,False,0.8,0.776,4,-7.933,0,0.0881,0.31,7.78e-05,0.322,0.734,146.997,4,unknown
792,A,Volume One,Everybody Feeling,0,164127,False,0.692,0.655,2,-10.009,1,0.0444,0.135,1.41e-06,0.0646,0.916,115.541,4,unknown
793,A,Volume One,Can't Take my Eyes Off of You,0,234631,False,0.835,0.422,4,-12.942,1,0.0495,0.223,0.0,0.0758,0.557,124.661,4,unknown
794,A,V olume 2,Get Lucky - New Arrangement,0,200855,False,0.805,0.664,1,-8.57,0,0.0352,0.427,2.18e-05,0.108,0.889,124.962,4,unknown
795,Rauw Alejandro,Santa,Santa,84,193038,False,0.725,0.709,3,-5.017,0,0.129,0.321,0.000189,0.114,0.648,99.993,4,"puerto rican pop, reggaeton, trap latino, urbano latino"
796,Rauw Alejandro,VICE VERSA,Desesperados,83,224996,True,0.869,0.694,1,-3.35,0,0.0783,0.356,0.00125,0.0878,0.511,90.02,4,"puerto rican pop, reggaeton, trap latino, urbano latino"
797,Rauw Alejandro,VICE VERSA,Cúrame,83,164705,True,0.765,0.625,9,-3.599,0,0.0548,0.584,0.00111,0.112,0.262,102.101,4,"puerto rican pop, reggaeton, trap latino, urbano latino"
798,Rauw Alejandro,VICE VERSA,Todo De Ti,81,199604,True,0.78,0.719,3,-3.613,0,0.0506,0.302,0.000196,0.0931,0.336,127.962,4,"puerto rican pop, reggaeton, trap latino, urbano latino"
799,Rauw Alejandro,SATURNO,LOKERA,80,197101,True,0.836,0.826,11,-2.66,0,0.0461,0.213,6.03e-06,0.0814,0.579,102.025,4,"puerto rican pop, reggaeton, trap latino, urbano latino"
800,Rauw Alejandro,PLAYA SATURNO,DILUVIO,81,197052,True,0.845,0.795,9,-3.502,0,0.0681,0.343,1.78e-05,0.224,0.681,94.969,4,"puerto rican pop, reggaeton, trap latino, urbano latino"
801,Rauw Alejandro,Tiroteo (Remix),Tiroteo - Remix,80,321555,False,0.75,0.522,9,-7.018,1,0.0293,0.282,0.0,0.0743,0.601,110.427,4,"puerto rican pop, reggaeton, trap latino, urbano latino"
802,Rauw Alejandro,El Efecto,El Efecto,79,217142,False,0.849,0.781,0,-4.635,0,0.159,0.406,0.0,0.0801,0.893,84.041,4,"puerto rican pop, reggaeton, trap latino, urbano latino"
803,Rauw Alejandro,Déjame Entrar,Déjame Entrar,79,254705,True,0.674,0.7,0,-5.809,1,0.0473,0.342,3.57e-05,0.0994,0.255,102.031,4,"puerto rican pop, reggaeton, trap latino, urbano latino"
804,Rauw Alejandro,Afrodisíaco,Dile a El,79,209540,True,0.784,0.587,4,-3.572,0,0.0767,0.375,0.00109,0.111,0.261,90.032,4,"puerto rican pop, reggaeton, trap latino, urbano latino"
805,A,im8yrsold,FL8XG8D,0,140800,False,0.555,0.48,1,-8.597,1,0.0652,5.22e-06,0.0211,0.198,0.25,149.954,4,unknown
806,A,im8yrsold,24,0,89006,False,0.56,0.725,1,-13.662,1,0.213,0.00492,0.00634,0.375,0.317,151.131,4,unknown
807,A,im8yrsold,KC3K (fern_shy),0,139867,False,0.745,0.582,1,-7.366,1,0.0597,2.83e-05,2.42e-05,0.113,0.314,151.035,4,unknown
808,A,Forget Ab It,Forget Ab It,0,107552,False,0.67,0.79,1,-2.971,1,0.0617,0.000284,0.0,0.136,0.0757,143.133,4,unknown
809,A,21,21,0,95500,False,0.587,0.864,1,-12.122,1,0.458,0.000845,0.000438,0.733,0.629,140.09,4,unknown
810,A,im8yrsold,IC8*NTf33LMY80DY,0,83478,False,0.704,0.484,1,-9.535,1,0.127,6.72e-05,0.22,0.126,0.103,138.197,4,unknown
811,AFROJACK,Planet Pit (Deluxe Version),Give Me Everything (feat. Nayer),86,252306,False,0.671,0.939,8,-3.206,1,0.161,0.191,0.0,0.298,0.53,129.024,4,"big room, dance pop, dutch house, edm, electro house, pop dance, progressive electro house"
812,AFROJACK,"Hey Mama (feat. Nicki Minaj, Bebe Rexha & Afrojack)","Hey Mama (feat. Nicki Minaj, Bebe Rexha & Afrojack) - Afrojack Remix",29,197040,False,0.494,0.793,9,-4.859,1,0.339,0.168,0.331,0.374,0.109,127.979,4,"big room, dance pop, dutch house, edm, electro house, pop dance, progressive electro house"
813,AFROJACK,Raving,Raving,69,138951,True,0.701,0.959,0,-4.445,1,0.053,0.0126,0.00221,0.113,0.15,130.007,4,"big room, dance pop, dutch house, edm, electro house, pop dance, progressive electro house"
814,AFROJACK,PERO NO TE ENAMORES,FVCK,66,186116,True,0.698,0.699,1,-7.482,0,0.111,0.042,0.0262,0.0833,0.231,119.97,4,"big room, dance pop, dutch house, edm, electro house, pop dance, progressive electro house"
815,AFROJACK,Light It Up (feat. MC Ambush),Light It Up (feat. MC Ambush),64,156146,False,0.51,0.929,1,-4.655,1,0.0344,0.000749,0.787,0.732,0.316,127.989,4,"big room, dance pop, dutch house, edm, electro house, pop dance, progressive electro house"
816,AFROJACK,2 The Moon,2 The Moon,63,185282,False,0.648,0.904,10,-5.268,1,0.0666,0.0127,0.0,0.17,0.55,126.037,4,"big room, dance pop, dutch house, edm, electro house, pop dance, progressive electro house"
817,AFROJACK,I Am Armando - Armando Reloaded,Maldito Alcohol (Pitbull vs. Afrojack),49,201320,False,0.918,0.434,1,-10.715,1,0.224,0.524,0.00011,0.0634,0.934,126.981,4,"big room, dance pop, dutch house, edm, electro house, pop dance, progressive electro house"
818,AFROJACK,Forget The World (Deluxe),Ten Feet Tall,59,229149,False,0.523,0.861,0,-3.447,1,0.0644,0.0336,0.0,0.144,0.346,127.049,4,"big room, dance pop, dutch house, edm, electro house, pop dance, progressive electro house"
819,AFROJACK,Take over Control (feat. Eva Simons),Take Over Control (Dutch Edit) [feat. Eva Simons],45,210293,False,0.704,0.806,0,-3.866,0,0.121,0.23,0.0,0.0977,0.678,130.006,4,"big room, dance pop, dutch house, edm, electro house, pop dance, progressive electro house"
820,AFROJACK,Sad (feat. Afrojack),Sad (feat. Afrojack),56,161280,False,0.717,0.716,3,-5.485,0,0.0432,0.0421,0.000467,0.0699,0.206,125.064,4,"big room, dance pop, dutch house, edm, electro house, pop dance, progressive electro house"
821,A,2008,2008,0,294707,False,0.552,0.367,4,-11.582,1,0.0249,0.79,0.000988,0.0885,0.349,158.099,4,unknown
822,Ashanti,Ashanti,Foolish,73,227386,True,0.665,0.695,0,-5.763,1,0.0532,0.347,0.0,0.106,0.707,90.119,4,"dance pop, hip pop, r&b, urban contemporary"
823,Ashanti,Chapter II,Rock Wit U (Awww Baby),69,209120,False,0.71,0.797,4,-3.006,0,0.0583,0.409,0.0,0.16,0.849,94.998,4,"dance pop, hip pop, r&b, urban contemporary"
824,Ashanti,The Declaration,Body On Me,65,200720,False,0.66,0.623,7,-7.321,0,0.152,0.0851,0.0,0.0841,0.736,179.986,4,"dance pop, hip pop, r&b, urban contemporary"
825,Ashanti,Ashanti,Unfoolish,65,194160,True,0.701,0.692,9,-4.67,0,0.115,0.699,0.0,0.177,0.688,90.193,4,"dance pop, hip pop, r&b, urban contemporary"
826,Ashanti,Close To Home,Baby (feat. Ashanti),58,177733,True,0.752,0.813,4,-8.069,0,0.237,0.2,0.0,0.163,0.559,103.836,4,"dance pop, hip pop, r&b, urban contemporary"
827,Ashanti,Ashanti,Happy,60,262226,True,0.727,0.515,2,-6.553,0,0.0289,0.241,3.74e-06,0.124,0.695,89.488,4,"dance pop, hip pop, r&b, urban contemporary"
828,Ashanti,Ashanti,Baby,55,265706,True,0.567,0.58,4,-5.757,0,0.223,0.0084,5.37e-06,0.0342,0.46,157.596,4,"dance pop, hip pop, r&b, urban contemporary"
829,Ashanti,Concrete Rose,Only U - No Intro,53,186306,False,0.601,0.621,6,-5.576,0,0.0434,0.0374,1.75e-06,0.188,0.278,94.547,4,"dance pop, hip pop, r&b, urban contemporary"
830,Ashanti,Chapter II,Rain On Me,52,297960,False,0.606,0.699,8,-3.103,0,0.0337,0.343,1.89e-06,0.0757,0.509,83.701,4,"dance pop, hip pop, r&b, urban contemporary"
831,Ashanti,A Gangsta’s Pain: Reloaded,Wockesha (with Lil Wayne & Ashanti) - Remix,50,217880,True,0.677,0.557,9,-9.498,0,0.472,0.114,0.0,0.137,0.797,84.926,4,"dance pop, hip pop, r&b, urban contemporary"
832,A,Med c,Med c,0,301016,False,0.698,0.25,6,-17.125,1,0.0374,0.345,0.944,0.111,0.0827,118.004,4,unknown
833,A,KALO KA MAHAKAL,KALO KA MAHAKAL,0,197299,False,0.675,0.898,2,-5.915,1,0.16,0.0158,0.0,0.104,0.565,134.421,4,unknown
834,A,Med b,Med b,0,240000,False,0.697,0.596,1,-12.325,1,0.0351,0.658,0.922,0.0997,0.414,120.051,4,unknown
835,A,Up,Up,0,168960,False,0.805,0.642,9,-9.359,0,0.057,0.000194,0.918,0.105,0.504,125.002,4,unknown
836,A,Med b (Remymix),Med b - Remymix,0,336000,False,0.728,0.614,1,-13.263,1,0.0482,0.529,0.78,0.0994,0.0363,120.028,4,unknown
837,Agust D,D-DAY,Haegeum,85,168926,False,0.697,0.837,7,-2.651,1,0.304,0.313,0.0,0.471,0.831,85.097,4,k-rap
838,Agust D,D-2,Daechwita,79,225668,True,0.65,0.827,8,-4.014,1,0.0599,0.0229,0.0,0.121,0.223,144.995,4,k-rap
839,Agust D,D-DAY,Interlude : Dawn,74,105139,False,0.188,0.309,5,-10.564,0,0.0287,0.898,0.771,0.0621,0.0677,90.687,4,k-rap
840,Agust D,D-DAY,People Pt.2 (feat. IU),68,213995,False,0.729,0.574,7,-4.779,0,0.0589,0.391,0.0,0.319,0.438,88.94,4,k-rap
841,Agust D,D-2,28 (feat. NiiHWA),70,133673,True,0.679,0.645,9,-7.107,0,0.0513,0.0897,0.0,0.121,0.349,119.934,4,k-rap
842,Agust D,D-DAY,AMYGDALA,69,251533,False,0.311,0.769,7,-4.637,1,0.0553,0.226,0.0,0.105,0.16,78.265,4,k-rap
843,Agust D,D-DAY,D-Day,69,211373,True,0.59,0.878,4,-3.199,0,0.266,0.294,0.0,0.0959,0.699,139.934,4,k-rap
844,Agust D,D-DAY,"Snooze (feat. Ryuichi Sakamoto, WOOSUNG of The Rose)",69,264760,True,0.761,0.777,5,-4.68,0,0.0941,0.21,0.0,0.0771,0.377,89.959,4,k-rap
845,Agust D,D-DAY,Life Goes On,68,197638,False,0.439,0.733,4,-6.471,1,0.0773,0.0345,0.0,0.292,0.615,162.125,4,k-rap
846,Agust D,D-2,People,67,197000,False,0.76,0.682,1,-6.441,1,0.0371,0.0616,0.0,0.118,0.372,120.008,4,k-rap
847,A,OJALÁ,OJALÁ,0,140930,False,0.722,0.479,1,-8.93,1,0.0593,0.431,0.0,0.0842,0.643,97.963,4,unknown
848,A,Traveller,Traveller,0,280000,False,0.54,0.373,1,-10.079,1,0.0262,0.466,2.88e-06,0.109,0.315,143.94,4,unknown
849,A,verte / Rodriguezzz,verte / Rodriguezzz,0,97450,True,0.792,0.257,10,-13.041,0,0.0876,0.442,0.0,0.135,0.529,90.047,4,unknown
850,A,The Broken Artist,Due Time,0,185390,False,0.454,0.935,2,-3.904,0,0.283,0.488,0.0,0.107,0.355,107.234,4,unknown
851,A,The Broken Artist,Ta Life,0,166452,False,0.422,0.868,0,-4.518,1,0.371,0.599,0.0,0.562,0.789,86.865,4,unknown
852,A,The Broken Artist,Collective Thought,0,208195,False,0.523,0.719,4,-6.314,0,0.0644,0.857,4.46e-06,0.105,0.885,114.214,4,unknown
853,A,The Broken Artist,Been Thinkin,0,181028,False,0.579,0.523,7,-6.917,1,0.368,0.701,0.0,0.114,0.313,121.63,4,unknown
854,A,The Broken Artist,Perspective,0,97253,False,0.611,0.668,9,-5.843,0,0.264,0.909,0.0,0.109,0.603,119.805,4,unknown
855,A,The Broken Artist,25,0,256887,False,0.535,0.649,0,-5.555,1,0.15,0.806,0.0,0.0722,0.766,59.142,4,unknown
856,A,The Broken Artist,B.T.D.T.,0,241110,False,0.85,0.827,5,-4.819,1,0.133,0.782,0.0,0.0901,0.681,120.018,4,unknown
857,A,The Broken Artist,If Only,0,181159,False,0.63,0.538,10,-7.589,1,0.145,0.472,3.2e-06,0.112,0.389,119.871,4,unknown
858,Alabama,Livin' Lovin' Rockin' Rollin': The 25th Anniversary Collection,I'm in a Hurry (And Don't Know Why),71,168813,False,0.748,0.72,9,-7.774,1,0.0286,0.237,0.0,0.069,0.86,128.69,4,"contemporary country, country, country road, country rock"
859,Alabama,Livin' Lovin' Rockin' Rollin': The 25th Anniversary Collection,Song of the South,72,190800,False,0.486,0.633,9,-8.414,1,0.0365,0.176,0.0,0.312,0.669,162.158,4,"contemporary country, country, country road, country rock"
860,Alabama,The Essential Alabama 3.0,Mountain Music,61,217986,False,0.466,0.55,9,-9.517,1,0.0437,0.141,0.0,0.149,0.747,109.53,4,"contemporary country, country, country road, country rock"
861,Alabama,The Closer You Get...,Dixieland Delight,64,322093,False,0.444,0.414,2,-15.04,1,0.0325,0.163,2.07e-05,0.053,0.573,95.73,4,"contemporary country, country, country road, country rock"
862,Alabama,Alabama Live,If You're Gonna Play in Texas (You Gotta Have a Fiddle in the Band),57,212666,False,0.449,0.645,9,-15.2,1,0.0385,0.263,2.9e-06,0.901,0.777,109.581,4,"contemporary country, country, country road, country rock"
863,Alabama,Livin' Lovin' Rockin' Rollin': The 25th Anniversary Collection,High Cotton,56,180320,False,0.661,0.581,5,-9.67,1,0.032,0.423,0.0,0.11,0.863,91.11,4,"contemporary country, country, country road, country rock"
864,Alabama,Livin' Lovin' Rockin' Rollin': The 25th Anniversary Collection,Born Country,54,196866,False,0.579,0.52,4,-8.575,1,0.0361,0.332,0.0,0.165,0.521,167.311,4,"contemporary country, country, country road, country rock"
865,Alabama,The Essential Alabama 3.0,Dixieland Delight - Single Edit,56,236426,False,0.464,0.405,7,-12.538,1,0.033,0.208,1.1e-05,0.0611,0.514,95.852,4,"contemporary country, country, country road, country rock"
866,Alabama,Livin' Lovin' Rockin' Rollin': The 25th Anniversary Collection,Roll On (Eighteen Wheeler),51,264973,False,0.627,0.664,5,-9.035,1,0.0527,0.325,0.0,0.653,0.669,131.983,4,"contemporary country, country, country road, country rock"
867,Alabama,Okie From Muskogee (Live),Okie From Muskogee - Live,53,95746,False,0.309,0.928,11,-6.886,1,0.0846,0.322,0.00197,0.984,0.513,74.272,4,"contemporary country, country, country road, country rock"
868,A,Lodestar,Dreams,0,137872,True,0.727,0.509,0,-12.145,0,0.292,0.126,0.0,0.251,0.319,93.963,4,unknown
869,A,Lodestar,Mamacita,0,144101,True,0.635,0.214,5,-15.875,0,0.36,0.668,0.0,0.118,0.392,178.062,4,unknown
870,A,Lodestar,Flip,0,139500,True,0.846,0.34,1,-19.178,0,0.441,0.235,0.0,0.114,0.912,80.015,4,unknown
871,A,Lodestar,Push,0,143936,True,0.68,0.558,6,-11.652,0,0.47,0.383,0.0,0.111,0.361,93.964,4,unknown
872,A,Time,Time,0,179853,True,0.953,0.523,6,-9.63,1,0.264,0.772,0.0,0.0756,0.682,129.98,4,unknown
873,A,Lodestar,Revenge,0,236307,True,0.879,0.375,6,-16.437,0,0.156,0.178,0.0,0.0884,0.166,129.977,4,unknown
874,Alessia Cara,Know-It-All,Scars To Your Beautiful,76,230240,False,0.319,0.739,0,-5.74,1,0.272,0.0285,0.0,0.111,0.449,194.169,4,"canadian contemporary r&b, canadian pop, pop"
875,Alessia Cara,Stay,Stay,74,210090,False,0.69,0.622,5,-5.025,0,0.0622,0.253,0.0,0.116,0.544,102.04,4,"canadian contemporary r&b, canadian pop, pop"
876,Alessia Cara,Know-It-All,Here,69,199453,False,0.376,0.822,0,-3.974,1,0.104,0.0783,0.0,0.0841,0.327,120.498,4,"canadian contemporary r&b, canadian pop, pop"
877,Alessia Cara,Moana - Original Motion Picture Soundtrack/Deluxe Edition,How Far I'll Go - Alessia Cara Version,63,175506,False,0.31,0.54,9,-9.629,1,0.346,0.163,0.000129,0.0713,0.148,180.994,4,"canadian contemporary r&b, canadian pop, pop"
878,Alessia Cara,The Pains Of Growing,Out Of Love,65,227693,False,0.481,0.267,7,-9.249,1,0.0339,0.8,0.0,0.249,0.137,117.64,4,"canadian contemporary r&b, canadian pop, pop"
879,Alessia Cara,Know-It-All,Wild Things,61,188493,False,0.741,0.626,1,-4.826,0,0.0886,0.02,0.0,0.0828,0.706,108.029,4,"canadian contemporary r&b, canadian pop, pop"
880,Alessia Cara,Dead Man,Dead Man,61,203343,False,0.588,0.765,11,-4.927,0,0.0558,0.00143,4.02e-05,0.298,0.558,94.958,4,"canadian contemporary r&b, canadian pop, pop"
881,Alessia Cara,Spotify Singles,I'm Like A Bird - Recorded at Spotify Studios NYC,58,219960,False,0.524,0.639,10,-7.18,1,0.103,0.238,0.0,0.0598,0.582,87.998,4,"canadian contemporary r&b, canadian pop, pop"
882,Alessia Cara,I Choose (From The Netflix Original Film The Willoughbys),"I Choose - From The Netflix Original Film ""The Willoughbys""",56,217347,False,0.66,0.631,0,-6.464,1,0.0764,0.386,0.0,0.16,0.416,138.007,4,"canadian contemporary r&b, canadian pop, pop"
883,Alessia Cara,Know-It-All (Deluxe),River Of Tears,55,254506,False,0.389,0.373,6,-5.72,1,0.047,0.928,0.0,0.146,0.283,90.289,4,"canadian contemporary r&b, canadian pop, pop"
884,A,"Rare Electro-Industrial Songs, Vol. 2",Velours,0,128869,False,0.552,0.383,11,-13.373,1,0.398,0.794,0.362,0.167,0.487,176.25,4,unknown
885,America,America,A Horse with No Name,77,252239,False,0.653,0.507,11,-17.18,0,0.0534,0.687,0.0147,0.155,0.831,123.188,4,"album rock, classic rock, folk rock, mellow gold, soft rock"
886,America,Hearts,Sister Golden Hair,73,199573,False,0.441,0.546,4,-12.222,1,0.0336,0.13,0.000144,0.109,0.718,134.752,4,"album rock, classic rock, folk rock, mellow gold, soft rock"
887,America,Homecoming,Ventura Highway,72,211680,False,0.611,0.761,2,-5.929,1,0.0283,0.104,0.0002,0.122,0.838,130.705,4,"album rock, classic rock, folk rock, mellow gold, soft rock"
888,America,Holiday,Lonely People,68,150226,False,0.557,0.473,7,-9.294,1,0.0262,0.261,3.95e-05,0.0658,0.56,79.368,4,"album rock, classic rock, folk rock, mellow gold, soft rock"
889,America,View From The Ground,You Can Do Magic,64,237466,False,0.859,0.568,4,-12.516,0,0.0387,0.29,0.0,0.31,0.936,129.72,4,"album rock, classic rock, folk rock, mellow gold, soft rock"
890,America,Holiday,Tin Man,62,209866,False,0.646,0.531,7,-10.785,1,0.0671,0.528,0.0133,0.0836,0.655,172.02,4,"album rock, classic rock, folk rock, mellow gold, soft rock"
891,America,Silent Letter,All My Life,60,183826,False,0.443,0.337,9,-13.017,1,0.0259,0.229,2.71e-05,0.359,0.267,86.54,4,"album rock, classic rock, folk rock, mellow gold, soft rock"
892,America,America,Riverside,58,181093,False,0.696,0.522,9,-13.219,0,0.0394,0.685,0.193,0.166,0.881,156.488,4,"album rock, classic rock, folk rock, mellow gold, soft rock"
893,America,America,I Need You,56,183186,False,0.529,0.472,7,-10.428,1,0.0267,0.583,0.0,0.129,0.25,134.1,4,"album rock, classic rock, folk rock, mellow gold, soft rock"
894,America,Homecoming,Don't Cross the River,54,149866,False,0.571,0.726,2,-10.379,1,0.0346,0.0427,2.85e-05,0.175,0.704,97.434,4,"album rock, classic rock, folk rock, mellow gold, soft rock"
895,A,My Universe,My Universe,0,238750,False,0.71,0.607,1,-4.82,1,0.0273,0.313,0.0,0.116,0.451,105.978,4,unknown
896,Andy Grammer,Naïve,Don't Give Up On Me,77,196187,False,0.64,0.537,0,-5.452,0,0.0282,0.0875,9.84e-06,0.11,0.0676,112.868,4,"neo mellow, post-teen pop, viral pop"
897,Andy Grammer,Magazines Or Novels,"Honey, I'm Good",72,199263,False,0.754,0.802,9,-6.424,1,0.0551,0.0349,0.0,0.335,0.583,122.026,4,"neo mellow, post-teen pop, viral pop"
898,Andy Grammer,The Good Parts,Fresh Eyes,69,198001,False,0.827,0.56,0,-6.685,1,0.0327,0.55,3.66e-05,0.15,0.873,122.056,4,"neo mellow, post-teen pop, viral pop"
899,Andy Grammer,Andy Grammer,Keep Your Head Up,66,190493,False,0.67,0.786,0,-5.216,1,0.0366,0.0418,0.0,0.145,0.806,90.009,4,"neo mellow, post-teen pop, viral pop"
900,Andy Grammer,Andy Grammer,Fine By Me,64,172813,False,0.584,0.792,11,-4.147,1,0.0317,0.0135,0.0,0.0487,0.877,89.991,4,"neo mellow, post-teen pop, viral pop"
901,Andy Grammer,These Tears,These Tears,59,169656,False,0.725,0.485,7,-7.651,1,0.0727,0.113,0.0,0.0784,0.527,89.995,4,"neo mellow, post-teen pop, viral pop"
902,Andy Grammer,Lease On Life,Lease On Life,58,168162,False,0.704,0.701,2,-5.442,1,0.0594,0.058,0.0,0.127,0.592,88.024,4,"neo mellow, post-teen pop, viral pop"
903,Andy Grammer,I Do (feat. Maddie & Tae),I Do (feat. Maddie & Tae),57,195428,False,0.698,0.768,7,-4.455,1,0.0444,0.0049,0.0,0.405,0.298,129.95,4,"neo mellow, post-teen pop, viral pop"
904,Andy Grammer,Best of You (feat. Elle King),Best of You (feat. Elle King),56,185393,False,0.653,0.623,9,-5.989,1,0.0938,0.0515,0.0,0.0869,0.48,175.884,4,"neo mellow, post-teen pop, viral pop"
905,Andy Grammer,Saved My Life (with R3HAB),Saved My Life (with R3HAB),55,174842,False,0.71,0.648,8,-5.955,1,0.0373,0.296,0.0,0.117,0.468,102.111,4,"neo mellow, post-teen pop, viral pop"
906,A,MY MIND,MY MIND,4,209687,False,0.555,0.467,2,-9.152,0,0.0269,0.338,2.17e-05,0.0835,0.269,95.948,4,unknown
907,The All-American Rejects,Move Along,Dirty Little Secret,71,193653,False,0.465,0.954,10,-4.251,1,0.044,0.000346,5.38e-06,0.573,0.458,143.85,4,"alternative metal, modern rock, neo mellow, neon pop punk, pop punk, pop rock, post-grunge"
908,The All-American Rejects,When The World Comes Down,Gives You Hell,71,213106,False,0.718,0.691,4,-6.44,1,0.0387,0.0159,0.0,0.0627,0.552,100.008,4,"alternative metal, modern rock, neo mellow, neon pop punk, pop punk, pop rock, post-grunge"
909,The All-American Rejects,Move Along,Move Along,69,238880,False,0.518,0.916,3,-3.858,1,0.0454,0.000148,0.0,0.291,0.646,109.864,4,"alternative metal, modern rock, neo mellow, neon pop punk, pop punk, pop rock, post-grunge"
910,The All-American Rejects,The All-American Rejects,"Swing, Swing",66,233266,False,0.553,0.717,7,-5.857,1,0.0318,6.48e-05,0.128,0.0385,0.318,127.947,4,"alternative metal, modern rock, neo mellow, neon pop punk, pop punk, pop rock, post-grunge"
911,The All-American Rejects,Move Along,It Ends Tonight,59,244826,False,0.454,0.636,0,-4.731,1,0.0273,0.00228,0.0,0.154,0.313,87.89,4,"alternative metal, modern rock, neo mellow, neon pop punk, pop punk, pop rock, post-grunge"
912,The All-American Rejects,When The World Comes Down,I Wanna,51,208600,False,0.415,0.913,7,-5.361,1,0.0482,0.000543,3.02e-05,0.284,0.427,164.289,4,"alternative metal, modern rock, neo mellow, neon pop punk, pop punk, pop rock, post-grunge"
913,The All-American Rejects,The All-American Rejects,My Paper Heart,50,228866,False,0.496,0.849,0,-4.975,1,0.0368,0.000333,9.16e-06,0.354,0.828,171.965,4,"alternative metal, modern rock, neo mellow, neon pop punk, pop punk, pop rock, post-grunge"
914,The All-American Rejects,Move Along,Stab My Back,41,189306,False,0.542,0.874,4,-3.471,0,0.0445,0.000172,0.0,0.0603,0.655,135.913,4,"alternative metal, modern rock, neo mellow, neon pop punk, pop punk, pop rock, post-grunge"
915,The All-American Rejects,The All-American Rejects,The Last Song,46,300386,False,0.322,0.879,1,-3.297,1,0.0661,0.0316,0.081,0.267,0.227,179.911,4,"alternative metal, modern rock, neo mellow, neon pop punk, pop punk, pop rock, post-grunge"
916,The All-American Rejects,Move Along,Top Of The World,40,203720,False,0.465,0.947,11,-3.812,0,0.046,7.34e-05,4.97e-05,0.0619,0.593,149.822,4,"alternative metal, modern rock, neo mellow, neon pop punk, pop punk, pop rock, post-grunge"
917,A,Look New,Look New,0,265299,False,0.777,0.613,10,-8.891,0,0.179,0.0265,3.58e-06,0.318,0.66,106.994,4,unknown
918,Armin van Buuren,Feel Again,On & On,71,170578,False,0.681,0.933,0,-2.855,1,0.104,0.0221,0.00504,0.266,0.46,128.036,4,"dutch house, dutch trance, edm, pop dance, progressive house, trance"
919,Armin van Buuren,Intense,This Is What It Feels Like,72,204360,False,0.551,0.833,8,-5.217,1,0.03,0.0391,2.77e-06,0.0632,0.145,129.885,4,"dutch house, dutch trance, edm, pop dance, progressive house, trance"
920,Armin van Buuren,Balance,Blah Blah Blah,66,183518,False,0.381,0.963,5,-3.911,0,0.0678,0.00892,0.00382,0.294,0.165,138.0,4,"dutch house, dutch trance, edm, pop dance, progressive house, trance"
921,Armin van Buuren,In The Dark,In The Dark,68,148930,False,0.633,0.898,2,-3.254,1,0.034,0.0132,2.07e-06,0.339,0.876,125.994,4,"dutch house, dutch trance, edm, pop dance, progressive house, trance"
922,Armin van Buuren,In And Out Of Love,In And Out Of Love,64,226621,False,0.355,0.777,5,-6.811,0,0.0413,0.201,0.0136,0.211,0.038,122.324,4,"dutch house, dutch trance, edm, pop dance, progressive house, trance"
923,Armin van Buuren,Feel Again,No Fun,65,130412,False,0.731,0.904,10,-4.774,0,0.0349,0.00861,0.000164,0.0916,0.328,121.03,4,"dutch house, dutch trance, edm, pop dance, progressive house, trance"
924,Armin van Buuren,Larger Than Life,Larger Than Life,66,175546,False,0.641,0.943,0,-3.579,1,0.0554,0.00617,0.0,0.355,0.498,133.997,4,"dutch house, dutch trance, edm, pop dance, progressive house, trance"
925,Armin van Buuren,In And Out of Love,In And Out Of Love,61,181680,False,0.526,0.705,5,-6.777,0,0.0301,0.067,6.4e-05,0.125,0.413,134.947,4,"dutch house, dutch trance, edm, pop dance, progressive house, trance"
926,Armin van Buuren,Feel Again,Easy To Love,64,151820,False,0.741,0.78,4,-5.294,1,0.0327,0.225,0.000136,0.255,0.725,120.031,4,"dutch house, dutch trance, edm, pop dance, progressive house, trance"
927,Armin van Buuren,Great Spirit,Great Spirit,63,215773,False,0.592,0.911,9,-7.975,1,0.0659,0.00608,0.0123,0.223,0.211,103.517,4,"dutch house, dutch trance, edm, pop dance, progressive house, trance"
928,A,Slow Porn presente Prise de Vue #1,Never Ask Games,0,258400,False,0.792,0.435,0,-10.719,0,0.0849,0.0284,0.819,0.0677,0.405,110.011,4,unknown
929,Alvaro Diaz,SAYONARA,GATITAS SANDUNGUERAS VOL.1,80,131853,False,0.769,0.842,1,-3.164,1,0.0446,0.169,3.23e-05,0.266,0.417,97.04,4,"trap boricua, urbano latino"
930,Alvaro Diaz,Felicilandia,Problemón,73,192613,False,0.706,0.739,10,-3.753,1,0.0586,0.266,2.62e-05,0.126,0.371,91.906,4,"trap boricua, urbano latino"
931,Alvaro Diaz,SAYONARA,BYAK,66,216346,False,0.882,0.697,1,-3.756,1,0.0626,0.208,1.09e-05,0.0847,0.758,99.984,4,"trap boricua, urbano latino"
932,Alvaro Diaz,Felicilandia,Llori Pari,70,215026,False,0.602,0.573,5,-7.388,1,0.0518,0.282,0.0,0.0854,0.319,174.048,4,"trap boricua, urbano latino"
933,Alvaro Diaz,SAYONARA,QUIZÁS SI QUIZÁS NO,67,203213,False,0.654,0.767,5,-5.061,0,0.048,0.0556,0.00118,0.305,0.614,173.933,4,"trap boricua, urbano latino"
934,Alvaro Diaz,SAYONARA,SIN PODERES,67,206800,False,0.551,0.658,11,-4.707,1,0.145,0.101,0.0,0.161,0.339,95.036,4,"trap boricua, urbano latino"
935,Alvaro Diaz,SAYONARA,MAMI 100PRE SABE (INTERLUDE),67,137933,False,0.274,0.329,0,-11.206,1,0.0325,0.881,8.49e-05,0.192,0.362,171.38,4,"trap boricua, urbano latino"
936,Alvaro Diaz,SAYONARA,A MI NOMBRE,67,208346,False,0.759,0.582,0,-6.193,1,0.0489,0.403,0.0,0.137,0.533,94.01,4,"trap boricua, urbano latino"
937,Alvaro Diaz,DATA,PARANORMAL,68,197935,False,0.457,0.89,3,-4.074,1,0.179,0.116,3.71e-06,0.674,0.67,175.777,4,"trap boricua, urbano latino"
938,Alvaro Diaz,SAYONARA,1000CANCIONES,65,246200,False,0.72,0.827,7,-2.823,1,0.0506,0.315,0.0,0.106,0.41,96.979,4,"trap boricua, urbano latino"
939,A,Blue Trees,Blue Trees,0,102090,False,0.683,0.176,0,-23.095,0,0.148,0.979,0.949,0.102,0.411,131.963,4,unknown
940,A,It Could Be,It Could Be,0,146573,False,0.646,0.492,9,-13.85,1,0.0484,0.277,0.866,0.11,0.428,173.014,4,unknown
941,Ado,"Ado ""Ready For My Show Playlist""",唱,72,192653,False,0.616,0.975,10,-0.425,0,0.208,0.172,1.62e-06,0.143,0.742,132.054,4,japanese teen pop
942,Ado,Kyougen,Usseewa,67,206893,False,0.526,0.976,11,-1.084,0,0.0799,0.00459,0.0,0.102,0.554,178.129,4,japanese teen pop
943,Ado,UTA'S SONGS ONE PIECE FILM RED,New Genesis,65,226813,False,0.49,0.987,7,-2.279,1,0.253,0.049,3.24e-06,0.406,0.451,175.064,4,japanese teen pop
944,Ado,Zanmu,RuLe,62,197853,False,0.662,0.989,1,-1.324,0,0.0701,0.0133,0.000178,0.27,0.835,132.0,4,japanese teen pop
945,Ado,UTA'S SONGS ONE PIECE FILM RED,Backlight,64,237666,False,0.564,0.896,10,-3.875,0,0.108,0.000387,8.17e-06,0.374,0.713,145.023,4,japanese teen pop
946,Ado,Kyougen,Odo,62,210346,False,0.709,0.962,1,-0.753,1,0.106,0.153,1.77e-06,0.621,0.767,128.013,4,japanese teen pop
947,Ado,Zanmu,MIRROR,57,180213,False,0.587,0.822,11,-4.87,0,0.171,0.0305,9.98e-05,0.11,0.903,113.971,4,japanese teen pop
948,Ado,Ado's Utattemita Album,Aishite Aishite Aishite,67,258372,False,0.573,0.877,8,-3.74,1,0.0785,0.234,0.0,0.0709,0.251,115.005,4,japanese teen pop
949,Ado,UTA'S SONGS ONE PIECE FILM RED,I’m invincible,58,257079,False,0.577,0.864,4,-2.92,1,0.0447,0.208,0.0,0.355,0.698,96.04,4,japanese teen pop
950,Ado,"Ado ""Ready For My Show Playlist""",クラクラ,61,191105,False,0.54,0.958,5,-4.26,1,0.0951,0.0492,0.0,0.308,0.652,93.852,4,japanese teen pop
951,Aaliyah,I Care 4 U,Are You That Somebody,69,265666,False,0.85,0.657,9,-7.078,0,0.166,0.14,0.0192,0.0939,0.843,137.971,4,"contemporary r&b, dance pop, hip pop, r&b, urban contemporary"
952,Aaliyah,Aaliyah,Try Again,67,284640,False,0.794,0.662,6,-4.913,0,0.249,0.0789,0.0,0.0937,0.683,93.053,4,"contemporary r&b, dance pop, hip pop, r&b, urban contemporary"
953,Aaliyah,One In A Million,One In A Million,68,270760,False,0.741,0.508,11,-5.099,0,0.0507,0.0347,6.45e-05,0.0602,0.354,121.965,4,"contemporary r&b, dance pop, hip pop, r&b, urban contemporary"
954,Aaliyah,Aaliyah,Rock The Boat,67,274733,False,0.637,0.725,5,-5.073,1,0.0333,0.0702,0.00438,0.203,0.415,92.99,4,"contemporary r&b, dance pop, hip pop, r&b, urban contemporary"
955,Aaliyah,Ultimate Aaliyah,I Don't Wanna,63,256560,False,0.707,0.514,9,-7.286,0,0.0355,0.517,0.0,0.286,0.687,130.02,4,"contemporary r&b, dance pop, hip pop, r&b, urban contemporary"
956,Aaliyah,Age Ain't Nothing But A Number,At Your Best (You Are Love),62,291400,False,0.626,0.441,9,-10.637,0,0.0308,0.761,0.0138,0.0685,0.563,78.094,4,"contemporary r&b, dance pop, hip pop, r&b, urban contemporary"
957,Aaliyah,Age Ain't Nothing But A Number,Age Ain't Nothing But a Number,61,253960,False,0.589,0.532,6,-8.572,0,0.0271,0.155,0.0903,0.323,0.434,84.012,4,"contemporary r&b, dance pop, hip pop, r&b, urban contemporary"
958,Aaliyah,I Care 4 U,Miss You,61,245226,False,0.678,0.338,10,-9.899,1,0.0319,0.655,0.0,0.215,0.502,109.888,4,"contemporary r&b, dance pop, hip pop, r&b, urban contemporary"
959,Aaliyah,Age Ain't Nothing But A Number,Back & Forth,59,231093,False,0.706,0.727,5,-8.06,1,0.0317,0.0698,5.31e-06,0.115,0.903,92.938,4,"contemporary r&b, dance pop, hip pop, r&b, urban contemporary"
960,Aaliyah,Aaliyah,More Than A Woman,60,229866,False,0.655,0.649,1,-5.653,0,0.089,0.0793,0.000393,0.117,0.759,86.968,4,"contemporary r&b, dance pop, hip pop, r&b, urban contemporary"
961,A,The Time Passes Fast,The Time Passes Fast - Original Mix,1,465083,False,0.721,0.484,11,-9.036,1,0.111,0.0021,0.563,0.559,0.365,127.998,4,unknown
962,A,漂い,漂い,0,254002,False,0.551,0.499,2,-10.303,0,0.0293,0.00652,4.27e-06,0.424,0.3,140.031,4,unknown
963,A,Keith Emerson at the Movies,A Cat Attic Attack,0,191026,False,0.386,0.36,0,-10.422,1,0.032,0.827,0.366,0.0898,0.0495,114.826,4,unknown
964,A,Tablado,Tablado,0,186549,True,0.634,0.715,7,-9.953,1,0.271,0.0354,1.69e-05,0.09,0.63,75.06,4,unknown
965,A,「ナースのお仕事 3」 (＋BEST オリジナル・サウンドトラック),BREAK ALL DAY! - UKULELE,0,116133,False,0.855,0.239,9,-12.189,0,0.171,0.99,0.873,0.121,0.743,119.973,4,unknown
966,A,And The Dawn Comes Sneaking Up When It Thinks I'm Not Looking,瘢痕 (Scar),0,136000,False,0.315,0.979,11,-6.346,0,0.144,0.00621,0.914,0.272,0.402,104.465,4,unknown
967,Novo Amor,Bathing Beach,Anchor,77,257533,False,0.457,0.407,9,-11.475,1,0.0308,0.805,0.884,0.126,0.126,117.053,4,"ambient folk, indie folk"
968,Novo Amor,Birthplace,State Lines,73,208653,False,0.509,0.31,9,-10.623,1,0.0313,0.959,0.229,0.0963,0.151,137.474,4,"ambient folk, indie folk"
969,Novo Amor,Heiress,Ontario,67,192866,False,0.409,0.223,10,-13.886,1,0.0296,0.947,0.0123,0.0635,0.173,89.877,4,"ambient folk, indie folk"
970,Novo Amor,Birthplace,Repeat Until Death,66,234080,False,0.233,0.15,1,-11.736,1,0.0336,0.982,0.36,0.154,0.0875,143.887,4,"ambient folk, indie folk"
971,Novo Amor,Bathing Beach,Carry You,66,273106,False,0.334,0.397,7,-7.993,1,0.0284,0.558,0.0774,0.126,0.035,93.445,4,"ambient folk, indie folk"
972,Novo Amor,Haven (from Life Is Strange),Haven (from Life Is Strange),65,172500,False,0.556,0.261,4,-11.668,1,0.0289,0.797,0.016,0.0893,0.219,110.841,4,"ambient folk, indie folk"
973,Novo Amor,Heiress,Euphor,65,243466,False,0.296,0.284,10,-14.01,0,0.033,0.968,0.189,0.0961,0.0917,114.786,4,"ambient folk, indie folk"
974,Novo Amor,"Woodgate, NY",From Gold,64,214335,False,0.392,0.433,5,-13.313,1,0.0364,0.92,0.646,0.0937,0.0432,100.253,4,"ambient folk, indie folk"
975,Novo Amor,"Cannot Be, Whatsoever",Keep Me,63,194560,False,0.567,0.131,1,-14.124,1,0.029,0.888,0.0553,0.158,0.0657,104.784,4,"ambient folk, indie folk"
976,Novo Amor,Alps,Alps,63,194160,False,0.354,0.311,3,-10.377,1,0.0321,0.965,0.0315,0.204,0.135,146.631,4,"ambient folk, indie folk"
977,Ã,NEWLEVEL,ВСПОМНИ,0,148761,False,0.734,0.674,7,-7.714,1,0.0543,0.417,0.0,0.356,0.387,130.042,4,unknown
978,Gracie Abrams,The Secret of Us,"I Love You, I'm Sorry",87,157146,True,0.53,0.406,10,-7.507,1,0.033,0.656,0.0,0.133,0.338,115.94,4,alt z
979,Gracie Abrams,The Secret of Us,Close To You,85,225973,False,0.59,0.727,6,-7.955,1,0.0706,0.0259,6.48e-05,0.0827,0.356,121.966,4,alt z
980,Gracie Abrams,minor,"I miss you, I’m sorry",82,167538,False,0.445,0.455,7,-6.405,1,0.0575,0.731,1.47e-06,0.124,0.151,109.885,4,alt z
981,Gracie Abrams,The Secret of Us,us. (feat. Taylor Swift),82,242666,True,0.533,0.553,7,-6.486,1,0.0296,0.498,0.0,0.0911,0.391,102.043,4,alt z
982,Gracie Abrams,The Secret of Us,Risk,80,191586,False,0.716,0.496,3,-5.989,0,0.0588,0.514,0.0,0.109,0.559,113.015,4,alt z
983,Gracie Abrams,The Secret of Us,Blowing Smoke,76,232280,False,0.62,0.634,11,-5.098,1,0.0836,0.257,0.0,0.0875,0.373,139.968,4,alt z
984,Gracie Abrams,The Secret of Us,Tough Love,75,169146,True,0.554,0.716,0,-4.334,1,0.0717,0.37,0.0,0.0919,0.664,89.873,4,alt z
985,Gracie Abrams,Mess It Up,Mess It Up,74,171280,False,0.765,0.582,0,-4.528,1,0.12,0.245,8.21e-05,0.154,0.36,132.992,4,alt z
986,Gracie Abrams,The Secret of Us,Free Now,73,214080,False,0.557,0.387,0,-8.566,1,0.0998,0.411,0.0,0.197,0.337,149.899,4,alt z
987,Gracie Abrams,Good Riddance (Deluxe),I know it won't work,73,245629,False,0.654,0.584,5,-8.95,0,0.0557,0.536,3.37e-05,0.136,0.468,119.896,4,alt z
988,A,Mirror 1,3.17,0,197875,False,0.246,0.242,8,-22.593,1,0.0694,0.864,0.953,0.11,0.0333,121.456,4,unknown
989,A,Mirror 1,3.18,0,198000,False,0.25,0.277,1,-25.268,1,0.0528,0.909,0.899,0.112,0.12,133.329,4,unknown
990,Outkast,Speakerboxxx/The Love Below,Hey Ya!,84,235213,False,0.727,0.974,4,-2.261,0,0.0664,0.103,0.000532,0.174,0.965,79.526,4,"atl hip hop, dirty south rap, hip hop, old school atlanta hip hop, rap, southern hip hop"
991,Outkast,Stankonia,Ms. Jackson,83,270506,True,0.843,0.806,4,-5.946,0,0.269,0.143,0.0,0.0771,0.613,94.948,4,"atl hip hop, dirty south rap, hip hop, old school atlanta hip hop, rap, southern hip hop"
992,Outkast,Stankonia,"So Fresh, So Clean",73,240026,True,0.725,0.64,5,-7.905,0,0.332,0.0281,0.0,0.099,0.915,166.028,4,"atl hip hop, dirty south rap, hip hop, old school atlanta hip hop, rap, southern hip hop"
993,Outkast,Speakerboxxx/The Love Below,The Way You Move (feat. Sleepy Brown),71,234000,True,0.871,0.597,5,-4.932,0,0.0464,0.126,0.000113,0.0638,0.635,125.999,4,"atl hip hop, dirty south rap, hip hop, old school atlanta hip hop, rap, southern hip hop"
994,Outkast,ATLiens,ATLiens,70,230693,True,0.918,0.734,11,-2.832,0,0.269,0.0296,8.01e-06,0.191,0.608,97.044,4,"atl hip hop, dirty south rap, hip hop, old school atlanta hip hop, rap, southern hip hop"
995,Outkast,Speakerboxxx/The Love Below,Roses,69,369573,True,0.751,0.708,0,-5.653,1,0.0545,0.0482,1.85e-05,0.107,0.509,108.97,4,"atl hip hop, dirty south rap, hip hop, old school atlanta hip hop, rap, southern hip hop"
996,Outkast,Aquemini,Rosa Parks,64,324373,True,0.792,0.701,6,-7.198,0,0.283,0.105,0.0,0.761,0.251,103.89,4,"atl hip hop, dirty south rap, hip hop, old school atlanta hip hop, rap, southern hip hop"
997,Outkast,Stankonia,B.O.B. - Bombs Over Baghdad,60,304226,True,0.746,0.978,9,-5.324,1,0.0978,0.0555,4.11e-05,0.026,0.653,153.809,4,"atl hip hop, dirty south rap, hip hop, old school atlanta hip hop, rap, southern hip hop"
998,Outkast,Aquemini,Da Art of Storytellin' (Pt. 1),59,222653,True,0.749,0.856,2,-5.833,1,0.235,0.107,0.0,0.745,0.402,103.773,4,"atl hip hop, dirty south rap, hip hop, old school atlanta hip hop, rap, southern hip hop"
999,Outkast,Southernplayalisticadillacmuzik,Player's Ball,58,261266,True,0.857,0.764,1,-6.304,1,0.246,0.0398,0.0,0.425,0.578,93.071,4,"atl hip hop, dirty south rap, hip hop, old school atlanta hip hop, rap, southern hip hop"
